state,year,ID,con,pro,score,fips,cces.ideol,cces.smooth,abbr,gsp,demUnif,repUnif,ID,squireProfess,termLimits,fb9000,fb0010,fb1015,fb9015,fbPct2015
Alabama,2005,1,0,0,0,1,8.174954507,-0.589609267,AL,37.578,0,0,1,0.078000002,0,109.22,92.08,0.82,305.16,3.5
Alabama,2006,1,0,0,0,1,-29.78029996,-17.88778644,AL,37.735,0,0,1,0.078000002,0,109.22,92.08,0.82,305.16,3.5
Alabama,2007,1,1.333333333,1,-0.15415068,1,-36.4798319,-28.98019475,AL,37.522,0,0,1,0.078000002,0,109.22,92.08,0.82,305.16,3.5
Alabama,2008,1,19.14285714,4.571428571,-1.285198244,1,-31.98853995,-34.24928098,AL,36.976,0,0,1,0.078000002,0,109.22,92.08,0.82,305.16,3.5
Alabama,2009,1,6,2,-0.84729786,1,-28.63998826,-31.81943054,AL,35.376,0,0,1,0.078000002,0,109.22,92.08,0.82,305.16,3.5
Alabama,2010,1,9,5,-0.510825624,1,-32.64087016,-33.59981364,AL,35.913,0,1,1,0.078000002,0,109.22,92.08,0.82,305.16,3.5
Alabama,2011,1,32.66666667,0,-3.516508228,1,-41.18688163,-34.86714985,AL,36.201,0,1,1,0.078000002,0,109.22,92.08,0.82,305.16,3.5
Alabama,2012,1,12,9.666666667,-0.197825743,1,-31.07452886,-36.44604496,AL,36.425,0,1,1,0.078000002,0,109.22,92.08,0.82,305.16,3.5
Alabama,2013,1,3.333333333,5,0.325422401,1,-33.83101894,-35.40707863,AL,36.66,0,1,1,0.078000002,0,109.22,92.08,0.82,305.16,3.5
Alabama,2014,1,0,1,0.693147181,1,-42.24162481,-33.33951756,AL,36.455,0,1,1,0.078000002,0,109.22,92.08,0.82,305.16,3.5
Alabama,2015,1,2,1,-0.405465108,1,-21.00033759,-30.94966944,AL,36.911,0,1,1,0.078000002,0,109.22,92.08,0.82,305.16,3.5
Alabama,2016,1,0,1,0.693147181,1,-31.38738132,-27.85351201,AL,37.402,0,1,1,0.078000002,0,109.22,92.08,0.82,305.16,3.5
Alaska,2005,2,0,2,1.098612289,2,30.27350632,18.73238004,AK,61.125,0,1,2,0.216999993,0,61.8,32.65,18.73,154.84,7.9
Alaska,2006,2,0,0,0,2,-29.57462965,-6.488650424,AK,64.349,0,1,2,0.216999993,0,61.8,32.65,18.73,154.84,7.9
Alaska,2007,2,0,0,0,2,-16.6037182,-23.17527619,AK,67.228,0,1,2,0.216999993,0,61.8,32.65,18.73,154.84,7.9
Alaska,2008,2,2.714285714,2.714285714,0,2,-29.17216163,-31.00540856,AK,67.527,0,0,2,0.216999993,0,61.8,32.65,18.73,154.84,7.9
Alaska,2009,2,0,0,0,2,-36.71240965,-29.56691155,AK,72.204,0,0,2,0.216999993,0,61.8,32.65,18.73,154.84,7.9
Alaska,2010,2,2,0,-1.098612289,2,-20.99363746,-29.91987317,AK,69.564,0,0,2,0.216999993,0,61.8,32.65,18.73,154.84,7.9
Alaska,2011,2,0,0,0,2,-27.71067776,-21.72522588,AK,70.573,0,0,2,0.216999993,0,61.8,32.65,18.73,154.84,7.9
Alaska,2012,2,3,0,-1.386294361,2,-17.14398223,-11.28553661,AK,73.478,0,0,2,0.216999993,0,61.8,32.65,18.73,154.84,7.9
Alaska,2013,2,0,1,0.693147181,2,6.176551745,-10.65925071,AK,69.7,0,1,2,0.216999993,0,61.8,32.65,18.73,154.84,7.9
Alaska,2014,2,8.333333334,0,-2.233592222,2,-14.72937979,-12.64153302,AK,67.188,0,1,2,0.216999993,0,61.8,32.65,18.73,154.84,7.9
Alaska,2015,2,0,0,0,2,-32.55902794,-17.54206495,AK,67.302,0,0,2,0.216999993,0,61.8,32.65,18.73,154.84,7.9
Alaska,2016,2,0,2,1.098612289,2,-17.95326279,-25.81822291,AK,63.317,0,0,2,0.216999993,0,61.8,32.65,18.73,154.84,7.9
Arizona,2005,4,5.5,2.5,-0.619039208,4,2.11643587,-2.02364551,AZ,43.018,0,0,3,0.270999998,1,137.44,30.55,6.74,230.88,13.4
Arizona,2006,4,6.666666667,1,-1.343734747,4,-15.60903581,-8.090345683,AZ,44.086,0,0,3,0.270999998,1,137.44,30.55,6.74,230.88,13.4
Arizona,2007,4,26.66666667,7.666666667,-1.16074407,4,-13.43943136,-12.7729706,AZ,44.168,0,0,3,0.270999998,1,137.44,30.55,6.74,230.88,13.4
Arizona,2008,4,5.857142858,8.285714286,0.303186259,4,-11.09418494,-15.96763835,AZ,41.8,0,1,3,0.270999998,1,137.44,30.55,6.74,230.88,13.4
Arizona,2009,4,5.25,17.5,1.085189268,4,-18.2080994,-17.51176542,AZ,38.232,0,1,3,0.270999998,1,137.44,30.55,6.74,230.88,13.4
Arizona,2010,4,28,24.66666667,-0.122102697,4,-21.15453955,-20.80607685,AZ,37.935,0,1,3,0.270999998,1,137.44,30.55,6.74,230.88,13.4
Arizona,2011,4,35,3,-2.197224577,4,-24.18330056,-20.18282794,AZ,38.257,0,1,3,0.270999998,1,137.44,30.55,6.74,230.88,13.4
Arizona,2012,4,18.66666667,4,-1.369487243,4,-12.29841185,-17.83395971,AZ,38.559,0,1,3,0.270999998,1,137.44,30.55,6.74,230.88,13.4
Arizona,2013,4,2.666666667,0,-1.299282984,4,-17.00827395,-15.30013106,AZ,38.303,0,1,3,0.270999998,1,137.44,30.55,6.74,230.88,13.4
Arizona,2014,4,25.33333333,2.333333333,-2.06686276,4,-15.59921595,-14.09856448,AZ,38.45,0,1,3,0.270999998,1,137.44,30.55,6.74,230.88,13.4
Arizona,2015,4,10,0,-2.397895273,4,-9.74386114,-14.12327406,AZ,38.647,0,1,3,0.270999998,1,137.44,30.55,6.74,230.88,13.4
Arizona,2016,4,0,4,1.609437912,4,-17.30720038,-15.26343578,AZ,38.985,0,1,3,0.270999998,1,137.44,30.55,6.74,230.88,13.4
Arkansas,2005,5,8,0,-2.197224577,5,-12.15374537,-11.89090793,AR,35.649,0,0,4,0.109999999,1,191.05,78.68,8.49,464.17,4.8
Arkansas,2006,5,NA,NA,NA,5,-17.39299464,-17.83912012,AR,35.803,1,0,4,0.109999999,1,191.05,78.68,8.49,464.17,4.8
Arkansas,2007,5,7.333333333,1,-1.427116356,5,-26.39657255,-22.71608234,AR,35.205,1,0,4,0.109999999,1,191.05,78.68,8.49,464.17,4.8
Arkansas,2008,5,NA,NA,NA,5,-13.35732518,-26.28438567,AR,34.957,1,0,4,0.109999999,1,191.05,78.68,8.49,464.17,4.8
Arkansas,2009,5,13,9.75,-0.264151575,5,-40.93071216,-28.38536823,AR,33.837,1,0,4,0.109999999,1,191.05,78.68,8.49,464.17,4.8
Arkansas,2010,5,0,2.333333333,1.203972804,5,-26.5688645,-28.0506361,AR,34.671,1,0,4,0.109999999,1,191.05,78.68,8.49,464.17,4.8
Arkansas,2011,5,8.333333333,4,-0.624154309,5,-21.19299608,-26.3636218,AR,35.146,1,0,4,0.109999999,1,191.05,78.68,8.49,464.17,4.8
Arkansas,2012,5,0,3.333333333,1.466337069,5,-28.10888468,-28.4582296,AR,34.965,1,0,4,0.109999999,1,191.05,78.68,8.49,464.17,4.8
Arkansas,2013,5,13,17.33333333,0.269663567,5,-36.69821132,-32.27445699,AR,35.865,0,0,4,0.109999999,1,191.05,78.68,8.49,464.17,4.8
Arkansas,2014,5,0,2,1.098612289,5,-38.60108678,-32.62794352,AR,36.274,0,0,4,0.109999999,1,191.05,78.68,8.49,464.17,4.8
Arkansas,2015,5,2,8.999999999,1.203972804,5,-26.59737796,-30.84628668,AR,36.338,0,1,4,0.109999999,1,191.05,78.68,8.49,464.17,4.8
Arkansas,2016,5,0,6,1.945910149,5,-26.88372794,-26.44835591,AR,36.524,0,1,4,0.109999999,1,191.05,78.68,8.49,464.17,4.8
California,2005,6,0,0,0,6,17.97213714,13.36477124,CA,53.32,0,0,5,0.58099997,1,37.58,14.51,5.3,65.89,27.3
California,2006,6,0,8.333333334,2.233592222,6,-2.790633547,5.151112403,CA,54.842,0,0,5,0.58099997,1,37.58,14.51,5.3,65.89,27.3
California,2007,6,4.666666667,29,1.666596326,6,-1.885876858,-0.41095729,CA,55.154,0,0,5,0.58099997,1,37.58,14.51,5.3,65.89,27.3
California,2008,6,0,21.85714286,3.129263666,6,1.938600824,-3.260117376,CA,54.454,0,0,5,0.58099997,1,37.58,14.51,5.3,65.89,27.3
California,2009,6,7.75,25.25,1.098612289,6,-6.179462771,-2.936034698,CA,51.733,0,0,5,0.58099997,1,37.58,14.51,5.3,65.89,27.3
California,2010,6,5,19.33333333,1.220502106,6,-2.159972643,-4.024794979,CA,51.871,1,0,5,0.58099997,1,37.58,14.51,5.3,65.89,27.3
California,2011,6,14.33333333,38,0.933532538,6,-5.542770419,-2.436909908,CA,52.099,1,0,5,0.58099997,1,37.58,14.51,5.3,65.89,27.3
California,2012,6,10,52.66666667,1.584896804,6,2.72896899,-0.448516909,CA,52.974,1,0,5,0.58099997,1,37.58,14.51,5.3,65.89,27.3
California,2013,6,0,59,4.094344562,6,-0.317737314,-0.227100901,CA,53.855,1,0,5,0.58099997,1,37.58,14.51,5.3,65.89,27.3
California,2014,6,5,64.33333333,2.387742901,6,-1.212401134,-0.033234119,CA,55.598,1,0,5,0.58099997,1,37.58,14.51,5.3,65.89,27.3
California,2015,6,4.666666667,74.33333333,2.587321655,6,-1.307972624,-0.094343007,CA,57.596,1,0,5,0.58099997,1,37.58,14.51,5.3,65.89,27.3
California,2016,6,0,46,3.850147602,6,0.642887903,-0.356610866,CA,59.117,1,0,5,0.58099997,1,37.58,14.51,5.3,65.89,27.3
Colorado,2005,8,2.25,4.25,0.47957308,8,-6.003093148,-7.546117121,CO,51.473,0,0,6,0.199000001,1,160.99,34.39,8.04,278.94,9.8
Colorado,2006,8,35.66666667,10.66666667,-1.145132304,8,-12.19505644,-8.267924378,CO,51.515,1,0,6,0.199000001,1,160.99,34.39,8.04,278.94,9.8
Colorado,2007,8,14.66666667,2,-1.652923024,8,-8.170922909,-9.43636476,CO,52.094,1,0,6,0.199000001,1,160.99,34.39,8.04,278.94,9.8
Colorado,2008,8,10.57142857,16.57142857,0.417735201,8,-5.171974693,-10.84233523,CO,51.651,1,0,6,0.199000001,1,160.99,34.39,8.04,278.94,9.8
Colorado,2009,8,3.5,18.25,1.453433664,8,-21.332448,-12.75505089,CO,49.731,1,0,6,0.199000001,1,160.99,34.39,8.04,278.94,9.8
Colorado,2010,8,2.666666667,15,1.473305738,8,-7.915998576,-16.63400566,CO,49.254,0,0,6,0.199000001,1,160.99,34.39,8.04,278.94,9.8
Colorado,2011,8,6,4,-0.336472237,8,-23.36969196,-16.08137202,CO,49.285,0,0,6,0.199000001,1,160.99,34.39,8.04,278.94,9.8
Colorado,2012,8,8.333333333,7,-0.15415068,8,-12.78264565,-14.21878739,CO,49.639,0,0,6,0.199000001,1,160.99,34.39,8.04,278.94,9.8
Colorado,2013,8,0,15.66666667,2.813410717,8,-10.66488833,-15.42141753,CO,50.475,1,0,6,0.199000001,1,160.99,34.39,8.04,278.94,9.8
Colorado,2014,8,4.333333333,12.66666667,0.940983345,8,-16.76768905,-15.84842691,CO,52.064,1,0,6,0.199000001,1,160.99,34.39,8.04,278.94,9.8
Colorado,2015,8,0,4.666666666,1.734601055,8,-22.67846183,-15.8405079,CO,52.858,0,0,6,0.199000001,1,160.99,34.39,8.04,278.94,9.8
Colorado,2016,8,0,12.5,2.602689685,8,-11.76253269,-15.53560524,CO,52.567,0,0,6,0.199000001,1,160.99,34.39,8.04,278.94,9.8
Connecticut,2005,9,0,0,0,9,-3.927587047,-5.022655497,CT,66.032,0,0,7,0.195999995,0,32.98,31.67,6.68,86.79,14.5
Connecticut,2006,9,0,0,0,9,-3.447519548,-2.032119327,CT,67.458,0,0,7,0.195999995,0,32.98,31.67,6.68,86.79,14.5
Connecticut,2007,9,0,6.333333334,1.992430165,9,-1.290401932,-0.308568542,CT,70.096,0,0,7,0.195999995,0,32.98,31.67,6.68,86.79,14.5
Connecticut,2008,9,0,4.142857143,1.637608789,9,-0.37794812,0.067571153,CT,68.777,0,0,7,0.195999995,0,32.98,31.67,6.68,86.79,14.5
Connecticut,2009,9,3,9,0.916290732,9,3.927844583,-0.942264767,CT,65.574,0,0,7,0.195999995,0,32.98,31.67,6.68,86.79,14.5
Connecticut,2010,9,0,0,0,9,-5.160848621,-3.909695773,CT,64.906,1,0,7,0.195999995,0,32.98,31.67,6.68,86.79,14.5
Connecticut,2011,9,0,8,2.197224577,9,-12.93864972,-5.38078164,CT,63.638,1,0,7,0.195999995,0,32.98,31.67,6.68,86.79,14.5
Connecticut,2012,9,0,3.333333333,1.466337069,9,3.608798916,-6.865152015,CT,63.502,1,0,7,0.195999995,0,32.98,31.67,6.68,86.79,14.5
Connecticut,2013,9,2,9,1.203972804,9,-10.45368945,-6.181082907,CT,62.55,1,0,7,0.195999995,0,32.98,31.67,6.68,86.79,14.5
Connecticut,2014,9,0,8.333333333,2.233592221,9,-9.676070925,-5.603751829,CT,62.171,1,0,7,0.195999995,0,32.98,31.67,6.68,86.79,14.5
Connecticut,2015,9,2.666666667,10.66666667,1.157452789,9,1.920877848,-5.342624654,CT,63.464,1,0,7,0.195999995,0,32.98,31.67,6.68,86.79,14.5
Connecticut,2016,9,0,0,0,9,-7.913007142,-5.075118213,CT,63.636,1,0,7,0.195999995,0,32.98,31.67,6.68,86.79,14.5
Delaware,2005,10,0,0,0,10,2.746454367,-4.693647308,DE,67.525,0,0,8,0.158999994,0,106.24,60.07,21.76,301.97,9.3
Delaware,2006,10,1.666666667,0,-0.980829253,10,-14.46137686,-4.607417364,DE,67.857,0,0,8,0.158999994,0,106.24,60.07,21.76,301.97,9.3
Delaware,2007,10,4,2,-0.510825624,10,-9.807454609,-3.20969744,DE,66.344,0,0,8,0.158999994,0,106.24,60.07,21.76,301.97,9.3
Delaware,2008,10,0,3.428571428,1.488077055,10,-1.986524781,-0.856068179,DE,62.535,1,0,8,0.158999994,0,106.24,60.07,21.76,301.97,9.3
Delaware,2009,10,0,5.5,1.871802177,10,22.08058331,3.834387624,DE,64.313,1,0,8,0.158999994,0,106.24,60.07,21.76,301.97,9.3
Delaware,2010,10,0,2.666666667,1.299282984,10,-14.7974495,2.216523535,DE,62.837,1,0,8,0.158999994,0,106.24,60.07,21.76,301.97,9.3
Delaware,2011,10,0,0,0,10,3.026587393,-0.509536898,DE,63.793,1,0,8,0.158999994,0,106.24,60.07,21.76,301.97,9.3
Delaware,2012,10,0,2,1.098612289,10,4.92458299,2.646758002,DE,62.174,1,0,8,0.158999994,0,106.24,60.07,21.76,301.97,9.3
Delaware,2013,10,0,0,0,10,4.925998195,5.416264097,DE,60.719,1,0,8,0.158999994,0,106.24,60.07,21.76,301.97,9.3
Delaware,2014,10,0,2.333333333,1.203972804,10,6.077159926,2.998628846,DE,63.368,1,0,8,0.158999994,0,106.24,60.07,21.76,301.97,9.3
Delaware,2015,10,2.666666667,3.666666667,0.241162057,10,-1.246177927,-3.438248239,DE,64.516,1,0,8,0.158999994,0,106.24,60.07,21.76,301.97,9.3
Delaware,2016,10,0,2.5,1.252762968,10,-16.08647149,-14.01343833,DE,64.054,1,0,8,0.158999994,0,106.24,60.07,21.76,301.97,9.3
Florida,2005,12,0,3,1.386294361,12,-3.908603947,-6.083566334,FL,43.326,0,1,9,0.209999993,1,60.78,36.96,11.71,145.98,20.2
Florida,2006,12,3.666666667,2,-0.441832752,12,-13.47290868,-10.45055877,FL,43.926,0,1,9,0.209999993,1,60.78,36.96,11.71,145.98,20.2
Florida,2007,12,11.66666667,2,-1.440361582,12,-16.08727857,-13.70040453,FL,43.506,0,1,9,0.209999993,1,60.78,36.96,11.71,145.98,20.2
Florida,2008,12,12.85714286,5.571428572,-0.746069582,12,-13.10894933,-15.88366214,FL,41.241,0,1,9,0.209999993,1,60.78,36.96,11.71,145.98,20.2
Florida,2009,12,4.75,11.5,0.776528789,12,-16.46997996,-16.64014782,FL,38.695,0,1,9,0.209999993,1,60.78,36.96,11.71,145.98,20.2
Florida,2010,12,2,17.33333333,1.810108608,12,-18.46169156,-18.54815407,FL,38.604,0,1,9,0.209999993,1,60.78,36.96,11.71,145.98,20.2
Florida,2011,12,0,8.666666667,2.268683541,12,-21.93210412,-18.71329041,FL,37.876,0,1,9,0.209999993,1,60.78,36.96,11.71,145.98,20.2
Florida,2012,12,5.666666667,15.66666667,0.916290732,12,-14.41131929,-18.26452652,FL,37.705,0,1,9,0.209999993,1,60.78,36.96,11.71,145.98,20.2
Florida,2013,12,6.666666666,10,0.361013346,12,-17.94621896,-17.51466829,FL,38.023,0,1,9,0.209999993,1,60.78,36.96,11.71,145.98,20.2
Florida,2014,12,4,8.333333333,0.624154309,12,-19.60274739,-16.74342217,FL,38.477,0,1,9,0.209999993,1,60.78,36.96,11.71,145.98,20.2
Florida,2015,12,0,4,1.609437912,12,-12.88377896,-16.16137029,FL,39.289,0,1,9,0.209999993,1,60.78,36.96,11.71,145.98,20.2
Florida,2016,12,0,8.5,2.251291799,12,-16.74243472,-15.61930687,FL,39.506,0,1,9,0.209999993,1,60.78,36.96,11.71,145.98,20.2
Georgia,2005,13,0,0,0,13,-16.50876315,-16.97736798,GA,47.61,0,1,10,0.115999997,0,233.42,63.35,8.56,491.28,10
Georgia,2006,13,16.66666667,5.333333333,-1.025852934,13,-19.73032449,-18.49912216,GA,47.013,0,1,10,0.115999997,0,233.42,63.35,8.56,491.28,10
Georgia,2007,13,3,6.333333334,0.606135804,13,-18.95869694,-19.66468938,GA,46.374,0,1,10,0.115999997,0,233.42,63.35,8.56,491.28,10
Georgia,2008,13,11.71428571,9.428571428,-0.198176929,13,-20.07426134,-20.41476601,GA,44.239,0,1,10,0.115999997,0,233.42,63.35,8.56,491.28,10
Georgia,2009,13,19.25,6.5,-0.993251773,13,-19.11163513,-20.89618081,GA,42.052,0,1,10,0.115999997,0,233.42,63.35,8.56,491.28,10
Georgia,2010,13,11.33333333,20.33333333,0.547965171,13,-23.5501133,-20.20272853,GA,42.029,0,1,10,0.115999997,0,233.42,63.35,8.56,491.28,10
Georgia,2011,13,20,16.33333333,-0.191891008,13,-18.28643461,-18.49723906,GA,42.14,0,1,10,0.115999997,0,233.42,63.35,8.56,491.28,10
Georgia,2012,13,12.33333333,15,0.182321557,13,-15.12886097,-19.62317491,GA,42.191,0,1,10,0.115999997,0,233.42,63.35,8.56,491.28,10
Georgia,2013,13,7.333333334,15.66666667,0.69314718,13,-23.4556319,-21.57429764,GA,42.5,0,1,10,0.115999997,0,233.42,63.35,8.56,491.28,10
Georgia,2014,13,4.666666667,1,-1.041453875,13,-29.54249817,-21.83580086,GA,43.465,0,1,10,0.115999997,0,233.42,63.35,8.56,491.28,10
Georgia,2015,13,2.333333333,8.666666666,1.064710737,13,-16.09031854,-21.46334944,GA,44.299,0,1,10,0.115999997,0,233.42,63.35,8.56,491.28,10
Georgia,2016,13,0,6.5,2.014903021,13,-20.84952845,-19.97664074,GA,45.14,0,1,10,0.115999997,0,233.42,63.35,8.56,491.28,10
Hawaii,2005,15,0,0,0,15,14.77090141,8.788291472,HI,50.145,0,0,11,0.261999995,0,28.83,16.96,2.1,53.83,17.7
Hawaii,2006,15,4.333333333,1.333333333,-0.826678573,15,0.251964435,7.910879986,HI,50.631,0,0,11,0.261999995,0,28.83,16.96,2.1,53.83,17.7
Hawaii,2007,15,4.666666666,19.33333333,1.27766052,15,-3.363718367,6.860715798,HI,51.245,0,0,11,0.261999995,0,28.83,16.96,2.1,53.83,17.7
Hawaii,2008,15,4.714285714,17.57142857,1.178654996,15,20.37603199,5.568105956,HI,50.833,0,0,11,0.261999995,0,28.83,16.96,2.1,53.83,17.7
Hawaii,2009,15,6.5,9,0.287682072,15,4.033145033,5.192739466,HI,48.549,0,0,11,0.261999995,0,28.83,16.96,2.1,53.83,17.7
Hawaii,2010,15,8,10,0.200670695,15,-5.59254768,-0.388425969,HI,49.418,1,0,11,0.261999995,0,28.83,16.96,2.1,53.83,17.7
Hawaii,2011,15,0,6.333333334,1.992430165,15,-8.591101799,-7.39830439,HI,49.331,1,0,11,0.261999995,0,28.83,16.96,2.1,53.83,17.7
Hawaii,2012,15,2.333333333,12.33333333,1.386294361,15,3.51224514,-10.41242949,HI,49.513,1,0,11,0.261999995,0,28.83,16.96,2.1,53.83,17.7
Hawaii,2013,15,0,15.33333333,2.793208009,15,-28.16922151,-4.629327572,HI,49.539,1,0,11,0.261999995,0,28.83,16.96,2.1,53.83,17.7
Hawaii,2014,15,0,0,0,15,13.35014934,-0.398829316,HI,49.716,1,0,11,0.261999995,0,28.83,16.96,2.1,53.83,17.7
Hawaii,2015,15,2.333333333,6,0.741937345,15,14.1526909,4.194162491,HI,50.994,1,0,11,0.261999995,0,28.83,16.96,2.1,53.83,17.7
Hawaii,2016,15,8.5,0,-2.251291799,15,1.516544349,9.164275185,HI,51.819,1,0,11,0.261999995,0,28.83,16.96,2.1,53.83,17.7
Idaho,2005,16,0,1.25,0.810930216,16,-58.39751981,-49.27564851,ID,35.895,0,1,12,0.119999997,0,125.82,35.92,8.34,232.55,5.7
Idaho,2006,16,8.666666667,0,-2.268683541,16,-26.9654978,-32.49354509,ID,36.931,0,1,12,0.119999997,0,125.82,35.92,8.34,232.55,5.7
Idaho,2007,16,3,1,-0.693147181,16,1.787799634,-23.95365086,ID,37.08,0,1,12,0.119999997,0,125.82,35.92,8.34,232.55,5.7
Idaho,2008,16,4.714285714,5.857142857,0.182321557,16,-37.19844958,-22.67252718,ID,36.691,0,1,12,0.119999997,0,125.82,35.92,8.34,232.55,5.7
Idaho,2009,16,2,9.5,1.252762968,16,-26.49231764,-32.95706109,ID,34.664,0,1,12,0.119999997,0,125.82,35.92,8.34,232.55,5.7
Idaho,2010,16,4,0,-1.609437912,16,-43.61605569,-35.25661994,ID,34.62,0,1,12,0.119999997,0,125.82,35.92,8.34,232.55,5.7
Idaho,2011,16,8,1,-1.504077397,16,-26.00037604,-32.40707748,ID,34.27,0,1,12,0.119999997,0,125.82,35.92,8.34,232.55,5.7
Idaho,2012,16,0,0,0,16,-32.15021988,-31.32453167,ID,34.094,0,1,12,0.119999997,0,125.82,35.92,8.34,232.55,5.7
Idaho,2013,16,4,0,-1.609437912,16,-34.53478151,-34.7646477,ID,34.748,0,1,12,0.119999997,0,125.82,35.92,8.34,232.55,5.7
Idaho,2014,16,2,0,-1.098612289,16,-37.32758716,-37.57874378,ID,35.103,0,1,12,0.119999997,0,125.82,35.92,8.34,232.55,5.7
Idaho,2015,16,3.666666667,6.333333333,0.451985124,16,-48.41141571,-40.10152135,ID,35.738,0,1,12,0.119999997,0,125.82,35.92,8.34,232.55,5.7
Idaho,2016,16,3,0,-1.386294361,16,-37.51276379,-42.28984843,ID,36.056,0,1,12,0.119999997,0,125.82,35.92,8.34,232.55,5.7
Illinois,2005,17,0,9.5,2.351375257,17,-26.27954709,-22.97970242,IL,51.237,1,0,13,0.280999988,0,61.69,15.09,3.77,93.11,14.2
Illinois,2006,17,9.333333334,3,-0.949080555,17,-7.300079361,-12.05222835,IL,52.486,1,0,13,0.280999988,0,61.69,15.09,3.77,93.11,14.2
Illinois,2007,17,2,25.33333333,2.172223275,17,-3.808562136,-5.422192731,IL,52.856,1,0,13,0.280999988,0,61.69,15.09,3.77,93.11,14.2
Illinois,2008,17,0,8.857142857,2.288196356,17,-1.963644165,-2.955183711,IL,51.406,1,0,13,0.280999988,0,61.69,15.09,3.77,93.11,14.2
Illinois,2009,17,8.75,29,1.123930097,17,-4.708562276,-5.523143497,IL,49.859,1,0,13,0.280999988,0,61.69,15.09,3.77,93.11,14.2
Illinois,2010,17,12.33333333,35,0.993251773,17,-9.11320881,-8.772573721,IL,50.304,1,0,13,0.280999988,0,61.69,15.09,3.77,93.11,14.2
Illinois,2011,17,6.666666667,6.333333333,-0.044451763,17,-12.4561169,-8.29374423,IL,51.198,1,0,13,0.280999988,0,61.69,15.09,3.77,93.11,14.2
Illinois,2012,17,9,15.33333333,0.490622916,17,-3.445042597,-6.934216006,IL,52.172,1,0,13,0.280999988,0,61.69,15.09,3.77,93.11,14.2
Illinois,2013,17,5.333333333,25,1.412269848,17,-2.394134311,-5.896192967,IL,51.963,1,0,13,0.280999988,0,61.69,15.09,3.77,93.11,14.2
Illinois,2014,17,0,16,2.833213344,17,-12.72876867,-4.951000288,IL,52.966,1,0,13,0.280999988,0,61.69,15.09,3.77,93.11,14.2
Illinois,2015,17,7.333333333,19,0.875468737,17,1.57475793,-4.707896472,IL,53.729,0,0,13,0.280999988,0,61.69,15.09,3.77,93.11,14.2
Illinois,2016,17,0,4,1.609437912,17,-6.749674022,-4.892095562,IL,54.404,0,0,13,0.280999988,0,61.69,15.09,3.77,93.11,14.2
Indiana,2005,18,0,0,0,18,4.977724123,1.087840658,IN,42.826,0,1,14,0.173999995,0,92.01,61.25,6.82,230.74,4.9
Indiana,2006,18,0,0,0,18,-16.38738333,-8.606102481,IN,43.279,0,0,14,0.173999995,0,92.01,61.25,6.82,230.74,4.9
Indiana,2007,18,10,7.666666667,-0.238411023,18,-14.00673947,-15.79767583,IN,44.145,0,0,14,0.173999995,0,92.01,61.25,6.82,230.74,4.9
Indiana,2008,18,2.428571429,1,-0.538996501,18,-19.08761241,-20.3473646,IN,43.515,0,0,14,0.173999995,0,92.01,61.25,6.82,230.74,4.9
Indiana,2009,18,0,10.75,2.463853241,18,-19.99584481,-22.23295741,IN,40.572,0,0,14,0.173999995,0,92.01,61.25,6.82,230.74,4.9
Indiana,2010,18,6.333333334,5,-0.200670696,18,-28.20242043,-23.18875318,IN,42.996,0,1,14,0.173999995,0,92.01,61.25,6.82,230.74,4.9
Indiana,2011,18,25,8,-1.060871961,18,-20.91534688,-22.77494241,IN,43.058,0,1,14,0.173999995,0,92.01,61.25,6.82,230.74,4.9
Indiana,2012,18,7.999999999,3,-0.810930216,18,-18.40876702,-23.17004324,IN,43.064,0,1,14,0.173999995,0,92.01,61.25,6.82,230.74,4.9
Indiana,2013,18,6.333333333,4.333333333,-0.318453731,18,-29.37558004,-22.87951553,IN,43.866,0,1,14,0.173999995,0,92.01,61.25,6.82,230.74,4.9
Indiana,2014,18,0,2,1.098612289,18,-23.10186517,-23.25043397,IN,44.784,0,1,14,0.173999995,0,92.01,61.25,6.82,230.74,4.9
Indiana,2015,18,5.333333334,5,-0.054067221,18,-19.46030669,-24.20348448,IN,45.012,0,1,14,0.173999995,0,92.01,61.25,6.82,230.74,4.9
Indiana,2016,18,3.5,0,-1.504077397,18,-27.78885017,-25.52411558,IN,45.977,0,1,14,0.173999995,0,92.01,61.25,6.82,230.74,4.9
Iowa,2005,19,0,0,0,19,-17.39340983,-15.60786013,IA,45.554,0,0,15,0.166999996,0,102.49,53.13,6.63,230.62,4.8
Iowa,2006,19,0,2,1.098612289,19,-14.81050816,-14.37226653,IA,45.908,1,0,15,0.166999996,0,102.49,53.13,6.63,230.62,4.8
Iowa,2007,19,2,3,0.287682072,19,-7.678585963,-14.9151239,IA,47.504,1,0,15,0.166999996,0,102.49,53.13,6.63,230.62,4.8
Iowa,2008,19,0,10,2.397895273,19,-16.24023661,-16.80597303,IA,46.413,1,0,15,0.166999996,0,102.49,53.13,6.63,230.62,4.8
Iowa,2009,19,7.75,1.75,-1.157452789,19,-22.60715402,-21.41317375,IA,45.195,1,0,15,0.166999996,0,102.49,53.13,6.63,230.62,4.8
Iowa,2010,19,5.666666667,2.666666667,-0.597837001,19,-25.76262591,-24.01179216,IA,45.884,0,0,15,0.166999996,0,102.49,53.13,6.63,230.62,4.8
Iowa,2011,19,3,0,-1.386294361,19,-18.53674491,-19.00633308,IA,46.523,0,0,15,0.166999996,0,102.49,53.13,6.63,230.62,4.8
Iowa,2012,19,0,4,1.609437912,19,-15.82529337,-12.925905,IA,48.001,0,0,15,0.166999996,0,102.49,53.13,6.63,230.62,4.8
Iowa,2013,19,2.333333333,0,-1.203972804,19,-1.319862515,-12.83021247,IA,48.002,0,0,15,0.166999996,0,102.49,53.13,6.63,230.62,4.8
Iowa,2014,19,0,2.333333333,1.203972804,19,-23.49054406,-12.66422225,IA,49.566,0,0,15,0.166999996,0,102.49,53.13,6.63,230.62,4.8
Iowa,2015,19,5,2.666666667,-0.492476485,19,-14.35526306,-13.62184512,IA,51.305,0,0,15,0.166999996,0,102.49,53.13,6.63,230.62,4.8
Iowa,2016,19,0,5.5,1.871802177,19,-13.06295677,-15.49451863,IA,51.912,0,0,15,0.166999996,0,102.49,53.13,6.63,230.62,4.8
Kansas,2005,20,0,2,1.098612289,20,-29.95665674,-25.65317824,KS,41.736,0,0,16,0.140000001,0,116.13,38.75,10.04,230,7.1
Kansas,2006,20,3,2,-0.287682072,20,-18.21112141,-26.51606079,KS,43.593,0,0,16,0.140000001,0,116.13,38.75,10.04,230,7.1
Kansas,2007,20,12.33333333,2,-1.491654877,20,-28.30756618,-27.493504,KS,45.313,0,0,16,0.140000001,0,116.13,38.75,10.04,230,7.1
Kansas,2008,20,2.857142857,0,-1.349926717,20,-32.10052422,-28.73976285,KS,46.05,0,0,16,0.140000001,0,116.13,38.75,10.04,230,7.1
Kansas,2009,20,0,4,1.609437912,20,-30.12583318,-30.45617117,KS,43.77,0,0,16,0.140000001,0,116.13,38.75,10.04,230,7.1
Kansas,2010,20,8.666666667,5,-0.476924072,20,-26.00884204,-29.30218791,KS,44.243,0,1,16,0.140000001,0,116.13,38.75,10.04,230,7.1
Kansas,2011,20,4.333333333,2,-0.575364145,20,-31.23581463,-27.43837821,KS,45.476,0,1,16,0.140000001,0,116.13,38.75,10.04,230,7.1
Kansas,2012,20,4.333333333,3,-0.287682072,20,-24.71976905,-25.48714755,KS,45.514,0,1,16,0.140000001,0,116.13,38.75,10.04,230,7.1
Kansas,2013,20,0,0,0,20,-20.64316038,-22.98147096,KS,45.47,0,1,16,0.140000001,0,116.13,38.75,10.04,230,7.1
Kansas,2014,20,0,2.333333333,1.203972804,20,-22.9859265,-21.48417567,KS,46.269,0,1,16,0.140000001,0,116.13,38.75,10.04,230,7.1
Kansas,2015,20,5.666666667,6,0.048790164,20,-18.44619361,-20.92401633,KS,46.658,0,1,16,0.140000001,0,116.13,38.75,10.04,230,7.1
Kansas,2016,20,0,0,0,20,-22.57424338,-21.32417045,KS,46.217,0,1,16,0.140000001,0,116.13,38.75,10.04,230,7.1
Kentucky,2005,21,2.75,0,-1.32175584,21,-15.74308296,-16.34426841,KY,38.205,0,0,17,0.136999995,0,147.47,75.14,11.92,385.05,3.6
Kentucky,2006,21,0,0,0,21,-18.11366305,-17.8603855,KY,38.856,0,0,17,0.136999995,0,147.47,75.14,11.92,385.05,3.6
Kentucky,2007,21,0,2,1.098612289,21,-21.08280471,-18.89506805,KY,38.159,0,0,17,0.136999995,0,147.47,75.14,11.92,385.05,3.6
Kentucky,2008,21,2.142857143,0,-1.145132304,21,-17.82484553,-19.5036596,KY,37.875,0,0,17,0.136999995,0,147.47,75.14,11.92,385.05,3.6
Kentucky,2009,21,2.25,0,-1.178654996,21,-19.71361068,-19.3190236,KY,36.209,0,0,17,0.136999995,0,147.47,75.14,11.92,385.05,3.6
Kentucky,2010,21,5.666666666,8.333333334,0.336472237,21,-20.9242949,-19.12467891,KY,37.579,0,0,17,0.136999995,0,147.47,75.14,11.92,385.05,3.6
Kentucky,2011,21,0,0,0,21,-18.51342858,-21.75221279,KY,37.926,0,0,17,0.136999995,0,147.47,75.14,11.92,385.05,3.6
Kentucky,2012,21,0,3.666666667,1.540445041,21,-24.67175361,-25.19239638,KY,38.052,0,0,17,0.136999995,0,147.47,75.14,11.92,385.05,3.6
Kentucky,2013,21,0,1,0.693147181,21,-33.23775146,-26.94380479,KY,38.247,0,0,17,0.136999995,0,147.47,75.14,11.92,385.05,3.6
Kentucky,2014,21,4.333333333,2.333333333,-0.470003629,21,-23.76445889,-28.2258472,KY,38.334,0,0,17,0.136999995,0,147.47,75.14,11.92,385.05,3.6
Kentucky,2015,21,0,0,0,21,-28.73276833,-28.69397529,KY,38.61,0,0,17,0.136999995,0,147.47,75.14,11.92,385.05,3.6
Kentucky,2016,21,0,1,0.693147181,21,-29.01614646,-28.36392015,KY,38.95,0,0,17,0.136999995,0,147.47,75.14,11.92,385.05,3.6
Louisiana,2005,22,0,2,1.098612289,22,-37.06067189,-29.58074745,LA,47.004,1,0,18,0.163000003,1,34.62,49.17,7.81,116.5,4
Louisiana,2006,22,5.333333333,0,-1.84582669,22,-19.09850172,-24.12862731,LA,49.164,1,0,18,0.163000003,1,34.62,49.17,7.81,116.5,4
Louisiana,2007,22,11,4.333333333,-0.810930216,22,-5.591355225,-23.51452552,LA,46.878,0,0,18,0.163000003,1,34.62,49.17,7.81,116.5,4
Louisiana,2008,22,2,3.285714286,0.356674944,22,-30.82898544,-26.89361265,LA,46.578,0,0,18,0.163000003,1,34.62,49.17,7.81,116.5,4
Louisiana,2009,22,0,6.75,2.047692843,22,-40.49527167,-37.8826683,LA,46.949,0,0,18,0.163000003,1,34.62,49.17,7.81,116.5,4
Louisiana,2010,22,4,12.66666667,1.005521866,22,-38.01337619,-38.86584283,LA,48.599,0,0,18,0.163000003,1,34.62,49.17,7.81,116.5,4
Louisiana,2011,22,6.333333333,0,-1.992430165,22,-40.12143165,-31.3696379,LA,45.712,0,0,18,0.163000003,1,34.62,49.17,7.81,116.5,4
Louisiana,2012,22,6.333333333,6,-0.046520016,22,-9.657835798,-29.98869093,LA,45.482,0,1,18,0.163000003,1,34.62,49.17,7.81,116.5,4
Louisiana,2013,22,4.666666667,8,0.462623522,22,-45.45323327,-31.33349292,LA,43.725,0,1,18,0.163000003,1,34.62,49.17,7.81,116.5,4
Louisiana,2014,22,2,18,1.84582669,22,-35.43830955,-30.99917802,LA,44.453,0,1,18,0.163000003,1,34.62,49.17,7.81,116.5,4
Louisiana,2015,22,2.333333333,16.66666667,1.667706821,22,-27.6292366,-30.09646878,LA,44.503,0,1,18,0.163000003,1,34.62,49.17,7.81,116.5,4
Louisiana,2016,22,0,3,1.386294361,22,-27.12426525,-27.94294074,LA,44.451,0,1,18,0.163000003,1,34.62,49.17,7.81,116.5,4
Maine,2005,23,3.25,2,-0.348306694,23,-58.67821639,-48.6142823,ME,38.961,1,0,19,0.088,1,-0.37,24.46,-2.13,21.36,3.4
Maine,2006,23,3.333333333,6.333333333,0.526093096,23,-14.89215711,-27.56835563,ME,39.288,1,0,19,0.088,1,-0.37,24.46,-2.13,21.36,3.4
Maine,2007,23,6.333333333,5.666666667,-0.09531018,23,-4.741812146,-14.7435649,ME,38.946,1,0,19,0.088,1,-0.37,24.46,-2.13,21.36,3.4
Maine,2008,23,8.428571428,0,-2.243744593,23,-9.741911694,-9.56466947,ME,38.508,1,0,19,0.088,1,-0.37,24.46,-2.13,21.36,3.4
Maine,2009,23,0,8.5,2.251291799,23,-19.61092557,-14.71681799,ME,37.91,1,0,19,0.088,1,-0.37,24.46,-2.13,21.36,3.4
Maine,2010,23,2.333333333,3,0.182321557,23,-13.92289688,-15.23653012,ME,38.352,0,1,19,0.088,1,-0.37,24.46,-2.13,21.36,3.4
Maine,2011,23,6.333333333,1,-1.299282984,23,-11.99555824,-10.9523049,ME,37.78,0,1,19,0.088,1,-0.37,24.46,-2.13,21.36,3.4
Maine,2012,23,5,2.666666667,-0.492476485,23,-5.514213085,-7.779791471,ME,37.705,0,1,19,0.088,1,-0.37,24.46,-2.13,21.36,3.4
Maine,2013,23,0,7,2.079441542,23,-8.103088296,-8.671184507,ME,37.477,0,0,19,0.088,1,-0.37,24.46,-2.13,21.36,3.4
Maine,2014,23,0,0,0,23,-12.05044276,-9.714778048,ME,38.055,0,0,19,0.088,1,-0.37,24.46,-2.13,21.36,3.4
Maine,2015,23,2.333333333,5.333333334,0.641853886,23,-14.11907396,-11.42385278,ME,38.415,0,0,19,0.088,1,-0.37,24.46,-2.13,21.36,3.4
Maine,2016,23,2,2,0,23,-11.55457429,-13.69028408,ME,38.956,0,0,19,0.088,1,-0.37,24.46,-2.13,21.36,3.4
Maryland,2005,24,0,2.5,1.252762968,24,8.440911583,3.320313371,MD,51.96,0,0,20,0.188999996,0,66.79,55.06,13.42,193.34,15.2
Maryland,2006,24,0,3,1.386294361,24,-8.475605222,1.983646324,MD,52.697,1,0,20,0.188999996,0,66.79,55.06,13.42,193.34,15.2
Maryland,2007,24,0,12.66666667,2.614959778,24,3.129710395,0.512530821,MD,52.646,1,0,20,0.188999996,0,66.79,55.06,13.42,193.34,15.2
Maryland,2008,24,3.714285715,6.571428571,0.473784352,24,1.547785904,-0.892898507,MD,52.877,1,0,20,0.188999996,0,66.79,55.06,13.42,193.34,15.2
Maryland,2009,24,7.5,2,-1.041453875,24,0.638721144,-2.496167675,MD,52.515,1,0,20,0.188999996,0,66.79,55.06,13.42,193.34,15.2
Maryland,2010,24,4,6,0.336472237,24,-9.764193116,-7.557975593,MD,53.675,1,0,20,0.188999996,0,66.79,55.06,13.42,193.34,15.2
Maryland,2011,24,5.333333334,14.66666667,0.905708622,24,-13.15131659,-6.875542292,MD,54.209,1,0,20,0.188999996,0,66.79,55.06,13.42,193.34,15.2
Maryland,2012,24,0,2,1.098612289,24,3.11312525,-4.278722184,MD,54.018,1,0,20,0.188999996,0,66.79,55.06,13.42,193.34,15.2
Maryland,2013,24,4.333333333,5.666666666,0.223143551,24,-0.64545658,-2.245689934,MD,53.765,1,0,20,0.188999996,0,66.79,55.06,13.42,193.34,15.2
Maryland,2014,24,0,4.333333333,1.673976434,24,-7.694955723,-0.895787979,MD,54.108,1,0,20,0.188999996,0,66.79,55.06,13.42,193.34,15.2
Maryland,2015,24,0,7,2.079441542,24,4.950321471,-0.65485311,MD,54.908,0,0,20,0.188999996,0,66.79,55.06,13.42,193.34,15.2
Maryland,2016,24,2,11,1.386294361,24,-2.845832565,-1.241088708,MD,56.07,0,0,20,0.188999996,0,66.79,55.06,13.42,193.34,15.2
Massachusetts,2005,25,0,0,0,25,24.33236085,21.93619383,MA,58.776,0,0,21,0.280000001,0,34.6,27.24,11.43,90.85,16.1
Massachusetts,2006,25,0,0,0,25,6.222620359,16.68533562,MA,59.706,1,0,21,0.280000001,0,34.6,27.24,11.43,90.85,16.1
Massachusetts,2007,25,0,3.333333333,1.466337069,25,24.45884208,11.58935328,MA,60.955,1,0,21,0.280000001,0,34.6,27.24,11.43,90.85,16.1
Massachusetts,2008,25,0,0,0,25,9.738171709,7.404664594,MA,60.723,1,0,21,0.280000001,0,34.6,27.24,11.43,90.85,16.1
Massachusetts,2009,25,0,0,0,25,-4.21422159,2.419755546,MA,59.178,1,0,21,0.280000001,0,34.6,27.24,11.43,90.85,16.1
Massachusetts,2010,25,0,4.333333333,1.673976434,25,1.248889668,0.567059591,MA,60.808,1,0,21,0.280000001,0,34.6,27.24,11.43,90.85,16.1
Massachusetts,2011,25,3,3.666666666,0.15415068,25,5.507917596,4.67797554,MA,61.769,1,0,21,0.280000001,0,34.6,27.24,11.43,90.85,16.1
Massachusetts,2012,25,7,2.666666667,-0.780158557,25,9.851869857,5.774235796,MA,62.456,1,0,21,0.280000001,0,34.6,27.24,11.43,90.85,16.1
Massachusetts,2013,25,0,0,0,25,-0.167171572,4.017215375,MA,61.882,1,0,21,0.280000001,0,34.6,27.24,11.43,90.85,16.1
Massachusetts,2014,25,6.666666666,5.666666667,-0.139761942,25,0.977311805,3.081349444,MA,62.571,1,0,21,0.280000001,0,34.6,27.24,11.43,90.85,16.1
Massachusetts,2015,25,0,2.666666667,1.299282984,25,2.228541411,2.339516199,MA,64.592,0,0,21,0.280000001,0,34.6,27.24,11.43,90.85,16.1
Massachusetts,2016,25,4,3,-0.223143551,25,3.024240513,2.050879572,MA,65.281,0,0,21,0.280000001,0,34.6,27.24,11.43,90.85,16.1
Michigan,2005,26,0,0,0,26,-32.42891725,-26.0459871,MI,42.919,0,0,22,0.460999995,1,48.19,12.25,10.95,84.56,6.6
Michigan,2006,26,0,2,1.098612289,26,-6.98896294,-15.71998119,MI,42.206,0,0,22,0.460999995,1,48.19,12.25,10.95,84.56,6.6
Michigan,2007,26,4.666666667,18.66666667,1.2443241,26,-5.328400127,-10.20866622,MI,41.925,0,0,22,0.460999995,1,48.19,12.25,10.95,84.56,6.6
Michigan,2008,26,6.142857143,5.857142857,-0.040821995,26,-9.269361094,-9.234454034,MI,39.863,0,0,22,0.460999995,1,48.19,12.25,10.95,84.56,6.6
Michigan,2009,26,0,8.25,2.224623552,26,-17.27236581,-14.33869416,MI,36.676,0,0,22,0.460999995,1,48.19,12.25,10.95,84.56,6.6
Michigan,2010,26,4,17.33333333,1.299282984,26,-14.21519467,-16.73657392,MI,38.763,0,1,22,0.460999995,1,48.19,12.25,10.95,84.56,6.6
Michigan,2011,26,12.33333333,4,-0.980829253,26,-19.24907281,-15.56993815,MI,39.757,0,1,22,0.460999995,1,48.19,12.25,10.95,84.56,6.6
Michigan,2012,26,6,5.666666667,-0.048790164,26,-10.71418499,-14.54729415,MI,40.463,0,1,22,0.460999995,1,48.19,12.25,10.95,84.56,6.6
Michigan,2013,26,2,12.33333333,1.491654877,26,-13.92367501,-13.15960544,MI,40.993,0,1,22,0.460999995,1,48.19,12.25,10.95,84.56,6.6
Michigan,2014,26,4.666666666,2.333333333,-0.530628251,26,-14.66232246,-11.90090238,MI,41.566,0,1,22,0.460999995,1,48.19,12.25,10.95,84.56,6.6
Michigan,2015,26,6,11,0.538996501,26,-6.852519866,-10.97403575,MI,42.778,0,1,22,0.460999995,1,48.19,12.25,10.95,84.56,6.6
Michigan,2016,26,2.5,2.5,0,26,-11.847264,-10.23188171,MI,43.665,0,1,22,0.460999995,1,48.19,12.25,10.95,84.56,6.6
Minnesota,2005,27,0,0,0,27,-5.149766293,-8.078488364,MN,52.246,0,0,23,0.162,0,128.26,45.31,20.79,300.66,8.3
Minnesota,2006,27,0,0,0,27,-11.28119383,-9.844210689,MN,51.598,0,0,23,0.162,0,128.26,45.31,20.79,300.66,8.3
Minnesota,2007,27,3,4.666666667,0.348306694,27,-22.81223365,-10.81025592,MN,51.351,0,0,23,0.162,0,128.26,45.31,20.79,300.66,8.3
Minnesota,2008,27,2.285714286,4.857142857,0.578077851,27,3.264936695,-11.1466345,MN,51.234,0,0,23,0.162,0,128.26,45.31,20.79,300.66,8.3
Minnesota,2009,27,5.25,8.25,0.392042088,27,-14.83619446,-9.473830012,MN,48.884,0,0,23,0.162,0,128.26,45.31,20.79,300.66,8.3
Minnesota,2010,27,6,4,-0.336472237,27,-12.59032993,-11.91033417,MN,50.148,0,0,23,0.162,0,128.26,45.31,20.79,300.66,8.3
Minnesota,2011,27,0,0,0,27,-12.28297338,-12.11577069,MN,50.875,0,0,23,0.162,0,128.26,45.31,20.79,300.66,8.3
Minnesota,2012,27,3.333333333,0,-1.466337069,27,-9.672635421,-9.145809883,MN,51.272,0,0,23,0.162,0,128.26,45.31,20.79,300.66,8.3
Minnesota,2013,27,0,2.666666667,1.299282984,27,-5.83059903,-10.28483519,MN,51.999,1,0,23,0.162,0,128.26,45.31,20.79,300.66,8.3
Minnesota,2014,27,5.666666667,15.33333333,0.896088024,27,-15.04843688,-11.24264293,MN,53.105,1,0,23,0.162,0,128.26,45.31,20.79,300.66,8.3
Minnesota,2015,27,0,6.666666666,2.036881927,27,-15.07036019,-12.57025219,MN,53.634,0,0,23,0.162,0,128.26,45.31,20.79,300.66,8.3
Minnesota,2016,27,0,5,1.791759469,27,-12.09541854,-14.20943396,MN,54.414,0,0,23,0.162,0,128.26,45.31,20.79,300.66,8.3
Mississippi,2005,28,0,0,0,28,-32.11314202,-28.3005681,MS,30.813,0,0,24,0.115000002,0,90.2,53.92,17.63,244.38,2.4
Mississippi,2006,28,0,2,1.098612289,28,-22.88756901,-22.07280929,MS,31.513,0,0,24,0.115000002,0,90.2,53.92,17.63,244.38,2.4
Mississippi,2007,28,3,0,-1.386294361,28,-0.932846243,-20.01351459,MS,32.041,0,0,24,0.115000002,0,90.2,53.92,17.63,244.38,2.4
Mississippi,2008,28,6.857142857,0,-2.061423036,28,-32.5395395,-21.48064265,MS,33.128,0,0,24,0.115000002,0,90.2,53.92,17.63,244.38,2.4
Mississippi,2009,28,3.5,0,-1.504077397,28,-27.67108249,-29.45078137,MS,31.658,0,0,24,0.115000002,0,90.2,53.92,17.63,244.38,2.4
Mississippi,2010,28,12.66666667,1,-1.921812598,28,-28.90551043,-32.56665812,MS,31.688,0,0,24,0.115000002,0,90.2,53.92,17.63,244.38,2.4
Mississippi,2011,28,8.333333333,5.333333333,-0.387765531,28,-39.8855622,-30.7900872,MS,31.167,0,0,24,0.115000002,0,90.2,53.92,17.63,244.38,2.4
Mississippi,2012,28,2.333333333,0,-1.203972804,28,-19.76111756,-31.94439494,MS,31.786,0,1,24,0.115000002,0,90.2,53.92,17.63,244.38,2.4
Mississippi,2013,28,2,9.666666667,1.268511325,28,-39.72659252,-31.62359544,MS,31.923,0,1,24,0.115000002,0,90.2,53.92,17.63,244.38,2.4
Mississippi,2014,28,2,0,-1.098612289,28,-29.2548916,-31.02245619,MS,31.613,0,1,24,0.115000002,0,90.2,53.92,17.63,244.38,2.4
Mississippi,2015,28,2.666666667,0,-1.299282984,28,-29.80430959,-30.03510643,MS,31.7,0,1,24,0.115000002,0,90.2,53.92,17.63,244.38,2.4
Mississippi,2016,28,2,2.5,0.15415068,28,-28.56567214,-28.52114845,MS,32.102,0,1,24,0.115000002,0,90.2,53.92,17.63,244.38,2.4
Missouri,2005,29,0,2,1.098612289,29,-12.60555687,-10.67316141,MO,42.806,0,1,25,0.194000006,1,82.67,53.8,4.4,193.29,4
Missouri,2006,29,5.333333333,0,-1.84582669,29,-15.70606474,-14.59567719,MO,42.792,0,1,25,0.194000006,1,82.67,53.8,4.4,193.29,4
Missouri,2007,29,6.666666666,1,-1.343734747,29,-10.42838229,-18.68426962,MO,42.561,0,1,25,0.194000006,1,82.67,53.8,4.4,193.29,4
Missouri,2008,29,31.57142857,5.142857143,-1.668145513,29,-17.60621424,-22.33733639,MO,43.118,0,0,25,0.194000006,1,82.67,53.8,4.4,193.29,4
Missouri,2009,29,9.75,10.75,0.088947486,29,-38.56404409,-26.96522293,MO,42.012,0,0,25,0.194000006,1,82.67,53.8,4.4,193.29,4
Missouri,2010,29,0,10.33333333,2.427748236,29,-22.68157862,-26.57966592,MO,42.204,0,0,25,0.194000006,1,82.67,53.8,4.4,193.29,4
Missouri,2011,29,3,9.333333333,0.949080555,29,-18.42699487,-21.76924974,MO,41.598,0,0,25,0.194000006,1,82.67,53.8,4.4,193.29,4
Missouri,2012,29,0,7.333333333,2.120263536,29,-21.80352841,-20.0569921,MO,41.926,0,0,25,0.194000006,1,82.67,53.8,4.4,193.29,4
Missouri,2013,29,7,0,-2.079441542,29,-23.03917704,-22.4748924,MO,42.487,0,0,25,0.194000006,1,82.67,53.8,4.4,193.29,4
Missouri,2014,29,5.666666667,7.666666667,0.262364264,29,-25.70955336,-24.19227296,MO,42.483,0,0,25,0.194000006,1,82.67,53.8,4.4,193.29,4
Missouri,2015,29,5.333333333,5,-0.054067221,29,-28.22277228,-25.8686498,MO,42.995,0,0,25,0.194000006,1,82.67,53.8,4.4,193.29,4
Missouri,2016,29,5,8.5,0.459532329,29,-25.53783407,-27.39095355,MO,43.004,0,0,25,0.194000006,1,82.67,53.8,4.4,193.29,4
Montana,2005,30,3.5,0,-1.504077397,30,25.90226558,13.79157903,MT,36.12,0,0,26,0.079000004,1,20.38,22.17,6.61,56.8,2.1
Montana,2006,30,NA,NA,NA,30,-25.74232388,-8.782250686,MT,36.769,0,0,26,0.079000004,1,20.38,22.17,6.61,56.8,2.1
Montana,2007,30,4.666666667,5.333333333,0.111225635,30,-32.42413511,-22.75948655,MT,38.063,0,0,26,0.079000004,1,20.38,22.17,6.61,56.8,2.1
Montana,2008,30,NA,NA,NA,30,-24.48895342,-28.56147317,MT,37.636,0,0,26,0.079000004,1,20.38,22.17,6.61,56.8,2.1
Montana,2009,30,0,4,1.609437912,30,-18.40958255,-23.63213732,MT,36.667,0,0,26,0.079000004,1,20.38,22.17,6.61,56.8,2.1
Montana,2010,30,NA,NA,NA,30,-28.41517011,-22.37098172,MT,37.733,0,0,26,0.079000004,1,20.38,22.17,6.61,56.8,2.1
Montana,2011,30,9.333333333,5,-0.543615447,30,-23.79728648,-25.3597728,MT,38.542,0,0,26,0.079000004,1,20.38,22.17,6.61,56.8,2.1
Montana,2012,30,NA,NA,NA,30,-24.07981627,-32.19467419,MT,38.537,0,0,26,0.079000004,1,20.38,22.17,6.61,56.8,2.1
Montana,2013,30,0,0,0,30,-43.57872713,-31.98552515,MT,38.476,0,0,26,0.079000004,1,20.38,22.17,6.61,56.8,2.1
Montana,2014,30,NA,NA,NA,30,-35.71048263,-29.25730713,MT,39.174,0,0,26,0.079000004,1,20.38,22.17,6.61,56.8,2.1
Montana,2015,30,2.666666667,0,-1.299282984,30,-6.548667851,-24.63175207,MT,39.725,0,0,26,0.079000004,1,20.38,22.17,6.61,56.8,2.1
Montana,2016,30,NA,NA,NA,30,-25.17668657,-17.39024686,MT,39.763,0,0,26,0.079000004,1,20.38,22.17,6.61,56.8,2.1
Nebraska,2005,31,0,0,0,31,-100,-83.37523065,NE,46.062,0,1,27,0.165999994,1,181.2,50.3,14.45,383.71,6.8
Nebraska,2006,31,0,3,1.386294361,31,-18.45830388,-46.59341991,NE,47.056,0,1,27,0.165999994,1,181.2,50.3,14.45,383.71,6.8
Nebraska,2007,31,5,0,-1.791759469,31,-23.85012719,-23.17121889,NE,47.501,0,1,27,0.165999994,1,181.2,50.3,14.45,383.71,6.8
Nebraska,2008,31,0,1.857142857,1.049822124,31,-6.864097244,-12.86631415,NE,47.77,0,1,27,0.165999994,1,181.2,50.3,14.45,383.71,6.8
Nebraska,2009,31,14,0,-2.708050201,31,-25.75195217,-17.75286674,NE,47.973,0,1,27,0.165999994,1,181.2,50.3,14.45,383.71,6.8
Nebraska,2010,31,10.33333333,13.33333333,0.234839591,31,-18.25564825,-20.80454525,NE,49.569,0,1,27,0.165999994,1,181.2,50.3,14.45,383.71,6.8
Nebraska,2011,31,13,2.666666667,-1.339774345,31,-20.88232189,-21.78970663,NE,51.36,0,1,27,0.165999994,1,181.2,50.3,14.45,383.71,6.8
Nebraska,2012,31,0,7,2.079441542,31,-26.19230928,-23.76999981,NE,50.631,0,1,27,0.165999994,1,181.2,50.3,14.45,383.71,6.8
Nebraska,2013,31,2,3.333333333,0.36772478,31,-18.28779729,-23.07990998,NE,51.565,0,1,27,0.165999994,1,181.2,50.3,14.45,383.71,6.8
Nebraska,2014,31,0,7.333333333,2.120263536,31,-35.53197552,-21.3660727,NE,53.101,0,1,27,0.165999994,1,181.2,50.3,14.45,383.71,6.8
Nebraska,2015,31,0,3,1.386294361,31,-0.956106323,-19.83057305,NE,53.859,0,1,27,0.165999994,1,181.2,50.3,14.45,383.71,6.8
Nebraska,2016,31,0,2,1.098612289,31,-25.38535772,-17.91207875,NE,53.949,0,1,27,0.165999994,1,181.2,50.3,14.45,383.71,6.8
Nevada,2005,32,0,0,0,32,-3.719258261,-5.997294614,NV,54.79,0,0,28,0.158999994,1,203.08,60.6,9.78,434.35,19.3
Nevada,2006,32,NA,NA,NA,32,-14.33457254,-10.99887614,NV,54.797,0,0,28,0.158999994,1,203.08,60.6,9.78,434.35,19.3
Nevada,2007,32,9.666666667,10.33333333,0.060624622,32,-17.43436567,-14.44668976,NV,52.818,0,0,28,0.158999994,1,203.08,60.6,9.78,434.35,19.3
Nevada,2008,32,NA,NA,NA,32,-10.3697905,-16.32478472,NV,49.286,0,0,28,0.158999994,1,203.08,60.6,9.78,434.35,19.3
Nevada,2009,32,1.75,11,1.473305738,32,-19.30559053,-16.3077163,NV,44.774,0,0,28,0.158999994,1,203.08,60.6,9.78,434.35,19.3
Nevada,2010,32,NA,NA,NA,32,-15.25984684,-17.27169797,NV,44.589,0,0,28,0.158999994,1,203.08,60.6,9.78,434.35,19.3
Nevada,2011,32,2.333333333,4.666666666,0.530628251,32,-18.30355816,-13.00091731,NV,44.555,0,0,28,0.158999994,1,203.08,60.6,9.78,434.35,19.3
Nevada,2012,32,NA,NA,NA,32,-5.44565736,-7.990417001,NV,43.382,0,0,28,0.158999994,1,203.08,60.6,9.78,434.35,19.3
Nevada,2013,32,0,13,2.63905733,32,-1.366117246,-9.578010323,NV,43.075,0,0,28,0.158999994,1,203.08,60.6,9.78,434.35,19.3
Nevada,2014,32,NA,NA,NA,32,-18.87119347,-10.01291834,NV,43.067,0,0,28,0.158999994,1,203.08,60.6,9.78,434.35,19.3
Nevada,2015,32,4.333333333,12.33333333,0.916290732,32,-16.02790338,-10.59919097,NV,43.803,0,1,28,0.158999994,1,203.08,60.6,9.78,434.35,19.3
Nevada,2016,32,NA,NA,NA,32,-6.300474138,-11.1412424,NV,43.557,0,1,28,0.158999994,1,203.08,60.6,9.78,434.35,19.3
New Hampshire,2005,33,0,0,0,33,0,-5.459475566,NH,48.357,0,0,29,0.030999999,0,34.76,28.78,14.65,98.97,6
New Hampshire,2006,33,2,0,-1.098612289,33,-19.9030672,-10.00572494,NH,48.857,1,0,29,0.030999999,0,34.76,28.78,14.65,98.97,6
New Hampshire,2007,33,0,0,0,33,-12.2500098,-13.03613595,NH,48.618,1,0,29,0.030999999,0,34.76,28.78,14.65,98.97,6
New Hampshire,2008,33,0,0,0,33,-13.9441275,-14.50395981,NH,47.842,1,0,29,0.030999999,0,34.76,28.78,14.65,98.97,6
New Hampshire,2009,33,5.25,4.75,-0.083381609,33,-11.38110662,-14.01768013,NH,47.265,1,0,29,0.030999999,0,34.76,28.78,14.65,98.97,6
New Hampshire,2010,33,0,7.999999999,2.197224577,33,-19.35337722,-18.11961554,NH,48.388,0,0,29,0.030999999,0,34.76,28.78,14.65,98.97,6
New Hampshire,2011,33,0,0,0,33,-18.48044452,-18.3117227,NH,48.504,0,0,29,0.030999999,0,34.76,28.78,14.65,98.97,6
New Hampshire,2012,33,8.666666667,0,-2.268683541,33,-20.11038112,-14.14179152,NH,48.652,0,0,29,0.030999999,0,34.76,28.78,14.65,98.97,6
New Hampshire,2013,33,0,0,0,33,2.679329591,-8.401791658,NH,48.871,0,0,29,0.030999999,0,34.76,28.78,14.65,98.97,6
New Hampshire,2014,33,8.666666667,1.666666667,-1.287854288,33,-11.59551573,-5.244245921,NH,49.544,0,0,29,0.030999999,0,34.76,28.78,14.65,98.97,6
New Hampshire,2015,33,0,2.333333333,1.203972804,33,4.720057992,-4.47121868,NH,50.781,0,0,29,0.030999999,0,34.76,28.78,14.65,98.97,6
New Hampshire,2016,33,0,2.5,1.252762968,33,-10.64343464,-6.134871185,NH,51.411,0,0,29,0.030999999,0,34.76,28.78,14.65,98.97,6
New Jersey,2005,34,0,2,1.098612289,34,11.35791871,6.167887102,NJ,56.768,1,0,30,0.221000001,0,52.9,24.94,7.2,104.79,22.1
New Jersey,2006,34,0,3,1.386294361,34,-11.12456654,2.743166144,NJ,57.666,1,0,30,0.221000001,0,52.9,24.94,7.2,104.79,22.1
New Jersey,2007,34,0,0,0,34,9.495261443,-0.128821061,NJ,57.86,1,0,30,0.221000001,0,52.9,24.94,7.2,104.79,22.1
New Jersey,2008,34,0,2.571428571,1.272965676,34,1.448914484,-1.855320449,NJ,57.784,1,0,30,0.221000001,0,52.9,24.94,7.2,104.79,22.1
New Jersey,2009,34,3.25,6,0.498991166,34,-9.948743072,-3.387510414,NJ,55.067,0,0,30,0.221000001,0,52.9,24.94,7.2,104.79,22.1
New Jersey,2010,34,0,4,1.609437912,34,-3.066756418,-5.339133418,NJ,55.023,0,0,30,0.221000001,0,52.9,24.94,7.2,104.79,22.1
New Jersey,2011,34,2,0,-1.098612289,34,-4.394313165,-4.413062459,NJ,54.302,0,0,30,0.221000001,0,52.9,24.94,7.2,104.79,22.1
New Jersey,2012,34,0,4.666666667,1.734601055,34,-1.774308819,-6.536617844,NJ,55.161,0,0,30,0.221000001,0,52.9,24.94,7.2,104.79,22.1
New Jersey,2013,34,0,7,2.079441542,34,-13.82042615,-5.044940817,NJ,55.75,0,0,30,0.221000001,0,52.9,24.94,7.2,104.79,22.1
New Jersey,2014,34,3,9.000000001,0.916290732,34,-3.986068713,-3.756754897,NJ,55.677,0,0,30,0.221000001,0,52.9,24.94,7.2,104.79,22.1
New Jersey,2015,34,2.666666667,12,1.265666373,34,8.195678033,-2.59854335,NJ,56.241,0,0,30,0.221000001,0,52.9,24.94,7.2,104.79,22.1
New Jersey,2016,34,0,3,1.386294361,34,-6.785169475,-1.292430316,NJ,56.565,0,0,30,0.221000001,0,52.9,24.94,7.2,104.79,22.1
New Mexico,2005,35,0,2.75,1.32175584,35,-26.82974215,-22.62238213,NM,41.193,1,0,31,0.109999999,0,89.87,37.12,-3.99,149.97,9.4
New Mexico,2006,35,0,0,0,35,-5.690332355,-7.972901585,NM,41.206,1,0,31,0.109999999,0,89.87,37.12,-3.99,149.97,9.4
New Mexico,2007,35,4.333333333,5.666666667,0.223143551,35,10.4302328,0.209216802,NM,40.694,1,0,31,0.109999999,0,89.87,37.12,-3.99,149.97,9.4
New Mexico,2008,35,3.857142857,5.857142857,0.344840486,35,3.129518285,2.548974808,NM,41.207,1,0,31,0.109999999,0,89.87,37.12,-3.99,149.97,9.4
New Mexico,2009,35,3.25,5.5,0.424883194,35,-3.948037035,-3.028860866,NM,40.67,1,0,31,0.109999999,0,89.87,37.12,-3.99,149.97,9.4
New Mexico,2010,35,2,3.333333333,0.36772478,35,-13.10131862,-6.893752232,NM,40.297,0,0,31,0.109999999,0,89.87,37.12,-3.99,149.97,9.4
New Mexico,2011,35,3,6,0.559615788,35,-1.541030663,-9.042093896,NM,40.167,0,0,31,0.109999999,0,89.87,37.12,-3.99,149.97,9.4
New Mexico,2012,35,0,1.666666667,0.980829253,35,-12.34169626,-11.36986992,NM,40.094,0,0,31,0.109999999,0,89.87,37.12,-3.99,149.97,9.4
New Mexico,2013,35,2,13.33333333,1.563975538,35,-18.79830689,-14.33365515,NM,39.659,0,0,31,0.109999999,0,89.87,37.12,-3.99,149.97,9.4
New Mexico,2014,35,0,0,0,35,-13.17693155,-14.82117593,NM,40.814,0,0,31,0.109999999,0,89.87,37.12,-3.99,149.97,9.4
New Mexico,2015,35,0,2.666666667,1.299282984,35,-16.36081244,-13.0718323,NM,41.509,0,0,31,0.109999999,0,89.87,37.12,-3.99,149.97,9.4
New Mexico,2016,35,0,3,1.386294361,35,-7.09485574,-8.976605865,NM,41.559,0,0,31,0.109999999,0,89.87,37.12,-3.99,149.97,9.4
New York,2005,36,0,0,0,36,2.816600152,4.507408151,NY,58.502,0,0,32,0.606000006,0,36.41,11.1,5.41,59.76,22.9
New York,2006,36,0,3,1.386294361,36,5.851726478,5.119802114,NY,59.961,0,0,32,0.606000006,0,36.41,11.1,5.41,59.76,22.9
New York,2007,36,4.333333333,8.333333333,0.559615788,36,8.396955179,4.537259774,NY,60.018,0,0,32,0.606000006,0,36.41,11.1,5.41,59.76,22.9
New York,2008,36,4.857142857,14.14285714,0.949867028,36,6.15212627,3.060902787,NY,58.532,1,0,32,0.606000006,0,36.41,11.1,5.41,59.76,22.9
New York,2009,36,0,4.5,1.704748092,36,-6.508087461,-0.182621373,NY,59.481,1,0,32,0.606000006,0,36.41,11.1,5.41,59.76,22.9
New York,2010,36,5.333333333,8.666666667,0.422856851,36,2.406266625,-1.05144698,NY,61.267,0,0,32,0.606000006,0,36.41,11.1,5.41,59.76,22.9
New York,2011,36,0,4.666666667,1.734601055,36,-1.639626308,0.662366129,NY,61.185,0,0,32,0.606000006,0,36.41,11.1,5.41,59.76,22.9
New York,2012,36,3.666666667,4.333333333,0.133531392,36,4.081120658,-1.357150973,NY,62.841,0,0,32,0.606000006,0,36.41,11.1,5.41,59.76,22.9
New York,2013,36,4.333333333,2.666666667,-0.374693449,36,-6.532721599,-1.990172988,NY,62.444,1,0,32,0.606000006,0,36.41,11.1,5.41,59.76,22.9
New York,2014,36,7.666666667,5.333333334,-0.313657559,36,-7.520534223,-1.153540682,NY,63.372,1,0,32,0.606000006,0,36.41,11.1,5.41,59.76,22.9
New York,2015,36,0,10.66666667,2.456735773,36,9.92980722,0.31832931,NY,64.573,0,0,32,0.606000006,0,36.41,11.1,5.41,59.76,22.9
New York,2016,36,0,9,2.302585093,36,-0.607773942,2.889101649,NY,64.81,0,0,32,0.606000006,0,36.41,11.1,5.41,59.76,22.9
North Carolina,2005,37,0,0,0,37,-11.34754643,-13.13703903,NC,45.042,1,0,33,0.180000007,0,269.83,67.24,10.51,583.48,7.9
North Carolina,2006,37,2,2,0,37,-14.35221095,-12.39487058,NC,46.408,1,0,33,0.180000007,0,269.83,67.24,10.51,583.48,7.9
North Carolina,2007,37,2.666666667,4.333333333,0.374693449,37,-15.39569629,-12.46983867,NC,45.44,1,0,33,0.180000007,0,269.83,67.24,10.51,583.48,7.9
North Carolina,2008,37,7.285714285,0,-2.114532861,37,-11.81132652,-13.48515739,NC,45.567,1,0,33,0.180000007,0,269.83,67.24,10.51,583.48,7.9
North Carolina,2009,37,3.75,2.25,-0.379489622,37,-13.08324697,-15.10968825,NC,43.16,1,0,33,0.180000007,0,269.83,67.24,10.51,583.48,7.9
North Carolina,2010,37,2.666666667,0,-1.299282984,37,-18.95216088,-20.55756894,NC,43.141,0,0,33,0.180000007,0,269.83,67.24,10.51,583.48,7.9
North Carolina,2011,37,2.333333333,4,0.405465108,37,-30.51110231,-23.66714195,NC,43.223,0,0,33,0.180000007,0,269.83,67.24,10.51,583.48,7.9
North Carolina,2012,37,0,0,0,37,-20.13203629,-23.88363354,NC,42.659,0,0,33,0.180000007,0,269.83,67.24,10.51,583.48,7.9
North Carolina,2013,37,7,4.333333333,-0.405465108,37,-18.87806391,-22.0367407,NC,42.945,0,1,33,0.180000007,0,269.83,67.24,10.51,583.48,7.9
North Carolina,2014,37,0,0,0,37,-24.24717318,-20.07049746,NC,43.442,0,1,33,0.180000007,0,269.83,67.24,10.51,583.48,7.9
North Carolina,2015,37,3,4,0.223143551,37,-13.42099928,-18.06638342,NC,44.172,0,1,33,0.180000007,0,269.83,67.24,10.51,583.48,7.9
North Carolina,2016,37,0,5,1.791759469,37,-17.82244344,-15.94464471,NC,44.511,0,1,33,0.180000007,0,269.83,67.24,10.51,583.48,7.9
North Dakota,2005,38,0,6.25,1.981001469,38,NA,-26.69734356,ND,41.272,0,1,34,0.048999999,0,26.19,37.35,72.18,198.43,3.8
North Dakota,2006,38,NA,NA,NA,38,-13.87447294,-28.03609656,ND,42.762,0,1,34,0.048999999,0,26.19,37.35,72.18,198.43,3.8
North Dakota,2007,38,0,6,1.945910149,38,-56.72621164,-26.62941011,ND,44.385,0,1,34,0.048999999,0,26.19,37.35,72.18,198.43,3.8
North Dakota,2008,38,NA,NA,NA,38,-18.70024654,-25.06005421,ND,48.379,0,1,34,0.048999999,0,26.19,37.35,72.18,198.43,3.8
North Dakota,2009,38,6.5,10,0.382992252,38,-10.6925544,-21.47780868,ND,48.858,0,1,34,0.048999999,0,26.19,37.35,72.18,198.43,3.8
North Dakota,2010,38,NA,NA,NA,38,-28.49320631,-23.80794394,ND,52.185,0,1,34,0.048999999,0,26.19,37.35,72.18,198.43,3.8
North Dakota,2011,38,6.333333334,6.333333333,-1.36E-10,38,-42.8365174,-36.69330984,ND,57.066,0,1,34,0.048999999,0,26.19,37.35,72.18,198.43,3.8
North Dakota,2012,38,NA,NA,NA,38,-32.83710882,-43.61357811,ND,68.105,0,1,34,0.048999999,0,26.19,37.35,72.18,198.43,3.8
North Dakota,2013,38,5.333333333,0,-1.84582669,38,-56.63693123,-40.84485442,ND,67.651,0,1,34,0.048999999,0,26.19,37.35,72.18,198.43,3.8
North Dakota,2014,38,NA,NA,NA,38,-28.04503119,-40.23946753,ND,70.986,0,1,34,0.048999999,0,26.19,37.35,72.18,198.43,3.8
North Dakota,2015,38,6.666666667,13,0.602175402,38,-37.65776248,-42.21550553,ND,67.632,0,1,34,0.048999999,0,26.19,37.35,72.18,198.43,3.8
North Dakota,2016,38,NA,NA,NA,38,-51.01929412,-46.74126312,ND,64.136,0,1,34,0.048999999,0,26.19,37.35,72.18,198.43,3.8
Ohio,2005,39,0,0,0,39,-15.69251877,-15.32228782,OH,44.684,0,1,35,0.379999995,1,32.75,38.45,7.27,97.16,4.3
Ohio,2006,39,4,0,-1.609437912,39,-12.92720113,-10.52988186,OH,44.532,0,0,35,0.379999995,1,32.75,38.45,7.27,97.16,4.3
Ohio,2007,39,0,3,1.386294361,39,-1.710548502,-8.144390604,OH,44.399,0,0,35,0.379999995,1,32.75,38.45,7.27,97.16,4.3
Ohio,2008,39,0,1.571428571,0.944461609,39,-8.162920771,-7.805089527,OH,43.548,0,0,35,0.379999995,1,32.75,38.45,7.27,97.16,4.3
Ohio,2009,39,0,4.357142857,1.678430784,39,-9.659433793,-10.54003893,OH,41.593,0,0,35,0.379999995,1,32.75,38.45,7.27,97.16,4.3
Ohio,2010,39,0,1.333333333,0.84729786,39,-17.32287014,-12.81648989,OH,42.667,0,1,35,0.379999995,1,32.75,38.45,7.27,97.16,4.3
Ohio,2011,39,0,0,0,39,-9.052192348,-13.0113236,OH,44.192,0,1,35,0.379999995,1,32.75,38.45,7.27,97.16,4.3
Ohio,2012,39,2.333333333,0,-1.203972804,39,-15.01069446,-14.67446673,OH,44.896,0,1,35,0.379999995,1,32.75,38.45,7.27,97.16,4.3
Ohio,2013,39,0,0,0,39,-16.19461621,-16.37273952,OH,45.254,0,1,35,0.379999995,1,32.75,38.45,7.27,97.16,4.3
Ohio,2014,39,0,2.333333333,1.203972804,39,-23.59443662,-17.49160992,OH,46.662,0,1,35,0.379999995,1,32.75,38.45,7.27,97.16,4.3
Ohio,2015,39,0,0,0,39,-11.93864724,-18.66289822,OH,47.146,0,1,35,0.379999995,1,32.75,38.45,7.27,97.16,4.3
Ohio,2016,39,0,0,0,39,-21.77945781,-19.55215356,OH,47.633,0,1,35,0.379999995,1,32.75,38.45,7.27,97.16,4.3
Oklahoma,2005,40,0,1,0.693147181,40,-50.00814651,-40.23997648,OK,37.662,0,0,36,0.180999994,1,104.34,56.65,14.04,265.03,6
Oklahoma,2006,40,0,0,0,40,-18.04724318,-30.76856443,OK,39.391,0,0,36,0.180999994,1,104.34,56.65,14.04,265.03,6
Oklahoma,2007,40,26.66666667,3,-1.933933958,40,-14.24794884,-26.43319519,OK,39.716,0,0,36,0.180999994,1,104.34,56.65,14.04,265.03,6
Oklahoma,2008,40,0,1.714285714,0.99852883,40,-39.16915748,-26.91327322,OK,40.048,0,0,36,0.180999994,1,104.34,56.65,14.04,265.03,6
Oklahoma,2009,40,7.75,6.5,-0.15415068,40,-27.33382238,-34.62599677,OK,38.64,0,0,36,0.180999994,1,104.34,56.65,14.04,265.03,6
Oklahoma,2010,40,16.66666667,6,-0.925769476,40,-41.19490202,-35.94189835,OK,38.303,0,1,36,0.180999994,1,104.34,56.65,14.04,265.03,6
Oklahoma,2011,40,8.999999999,0,-2.302585093,40,-29.96778998,-33.37154804,OK,39.961,0,1,36,0.180999994,1,104.34,56.65,14.04,265.03,6
Oklahoma,2012,40,3.333333333,5.333333334,0.379489622,40,-35.34968428,-30.7315855,OK,41.861,0,1,36,0.180999994,1,104.34,56.65,14.04,265.03,6
Oklahoma,2013,40,2,5,0.693147181,40,-20.35266053,-29.03246165,OK,43.288,0,1,36,0.180999994,1,104.34,56.65,14.04,265.03,6
Oklahoma,2014,40,4.666666666,6.999999999,0.344840486,40,-36.86388261,-28.63172241,OK,45.414,0,1,36,0.180999994,1,104.34,56.65,14.04,265.03,6
Oklahoma,2015,40,2.333333333,4,0.405465108,40,-23.72694768,-29.96801805,OK,46.447,0,1,36,0.180999994,1,104.34,56.65,14.04,265.03,6
Oklahoma,2016,40,0,2.5,1.252762968,40,-34.93812819,-32.87594807,OK,44.356,0,1,36,0.180999994,1,104.34,56.65,14.04,265.03,6
Oregon,2005,,0,0,0,41,11.38291517,8.825270784,OR,42.558,0,0,37,0.172000006,0,109.75,29.7,5.74,187.64,9.9
Oregon,2006,,NA,NA,NA,41,-0.687093881,-5.50636844,OR,45.752,1,0,37,0.172000006,0,109.75,29.7,5.74,187.64,9.9
Oregon,2007,,13,9.333333334,-0.303682414,41,-34.66257217,-13.564493,OR,46.504,1,0,37,0.172000006,0,109.75,29.7,5.74,187.64,9.9
Oregon,2008,,NA,NA,NA,41,-11.73053974,-16.34201394,OR,48.508,1,0,37,0.172000006,0,109.75,29.7,5.74,187.64,9.9
Oregon,2009,,2.25,7.25,0.931558204,41,-5.114761332,-10.73742668,OR,47.53,1,0,37,0.172000006,0,109.75,29.7,5.74,187.64,9.9
Oregon,2010,,NA,NA,NA,41,-8.810370892,-7.088097455,OR,49.601,0,0,37,0.172000006,0,109.75,29.7,5.74,187.64,9.9
Oregon,2011,,13.66666667,4.333333333,-1.011600912,41,-10.9566491,-6.539793975,OR,51.266,0,0,37,0.172000006,0,109.75,29.7,5.74,187.64,9.9
Oregon,2012,,3,1,-0.693147181,41,-1.387553252,-3.001283724,OR,49.395,0,0,37,0.172000006,0,109.75,29.7,5.74,187.64,9.9
Oregon,2013,,4.333333333,22.66666667,1.490091155,41,0.156893291,-6.363897389,OR,48.094,1,0,37,0.172000006,0,109.75,29.7,5.74,187.64,9.9
Oregon,2014,,0,1.333333333,0.84729786,41,-8.38952521,-7.843616438,OR,48.466,1,0,37,0.172000006,0,109.75,29.7,5.74,187.64,9.9
Oregon,2015,,2,11.33333333,1.413693335,41,-25.52521831,-8.096965846,OR,50.058,1,0,37,0.172000006,0,109.75,29.7,5.74,187.64,9.9
Oregon,2016,,0,7,2.079441542,41,2.406629367,-7.284904083,OR,51.066,1,0,37,0.172000006,0,109.75,29.7,5.74,187.64,9.9
Pennsylvania,2005,,0,0,0,42,-16.233208,-16.68856143,PA,45.035,0,0,38,0.479000002,0,39.31,45.4,13.27,129.44,6.5
Pennsylvania,2006,,2.666666667,0,-1.299282984,42,-15.20122316,-13.02677745,PA,45.021,0,0,38,0.479000002,0,39.31,45.4,13.27,129.44,6.5
Pennsylvania,2007,,0,9,2.302585093,42,-9.169237537,-10.96381097,PA,46.33,0,0,38,0.479000002,0,39.31,45.4,13.27,129.44,6.5
Pennsylvania,2008,,2.714285714,6.428571429,0.693147181,42,-6.308678605,-10.27591831,PA,46.862,0,0,38,0.479000002,0,39.31,45.4,13.27,129.44,6.5
Pennsylvania,2009,,0,10.5,2.442347035,42,-14.64725624,-11.42213722,PA,45.312,0,0,38,0.479000002,0,39.31,45.4,13.27,129.44,6.5
Pennsylvania,2010,,0,12.66666667,2.614959778,42,-12.73741892,-13.3873498,PA,46.387,0,1,38,0.479000002,0,39.31,45.4,13.27,129.44,6.5
Pennsylvania,2011,,3,2,-0.287682072,42,-14.34182877,-12.90330893,PA,46.872,0,1,38,0.479000002,0,39.31,45.4,13.27,129.44,6.5
Pennsylvania,2012,,7.333333333,14,0.587786665,42,-10.39964253,-13.27430499,PA,47.54,0,1,38,0.479000002,0,39.31,45.4,13.27,129.44,6.5
Pennsylvania,2013,,1.666666667,16.33333333,1.871802177,42,-14.96406168,-14.5674225,PA,48.278,0,1,38,0.479000002,0,39.31,45.4,13.27,129.44,6.5
Pennsylvania,2014,,2.666666667,5,0.492476485,42,-19.0743658,-14.58933185,PA,49.214,0,1,38,0.479000002,0,39.31,45.4,13.27,129.44,6.5
Pennsylvania,2015,,0,1,0.693147181,42,-11.84098841,-14.00394143,PA,50.357,0,0,38,0.479000002,0,39.31,45.4,13.27,129.44,6.5
Pennsylvania,2016,,3,6,0.559615788,42,-12.58326853,-12.56491433,PA,50.665,0,0,38,0.479000002,0,39.31,45.4,13.27,129.44,6.5
Rhode Island,2005,,0,0,0,44,NA,-32.18933714,RI,47.176,0,0,39,0.134000003,0,25.58,12.62,5.95,49.85,13.5
Rhode Island,2006,,3,0,-1.386294361,44,-13.21610773,-11.54774662,RI,48.259,0,0,39,0.134000003,0,25.58,12.62,5.95,49.85,13.5
Rhode Island,2007,,2,4,0.510825624,44,3.294306446,2.310880602,RI,47.137,0,0,39,0.134000003,0,25.58,12.62,5.95,49.85,13.5
Rhode Island,2008,,0,7,2.079441542,44,14.7648282,9.954006624,RI,45.746,0,0,39,0.134000003,0,25.58,12.62,5.95,49.85,13.5
Rhode Island,2009,,0,22.25,3.146305132,44,14.75735145,11.72465059,RI,45.28,0,0,39,0.134000003,0,25.58,12.62,5.95,49.85,13.5
Rhode Island,2010,,6.666666666,10,0.361013346,44,0.163176692,8.816913894,RI,46.332,0,0,39,0.134000003,0,25.58,12.62,5.95,49.85,13.5
Rhode Island,2011,,0,7,2.079441542,44,10.46350105,4.156842483,RI,46.01,0,0,39,0.134000003,0,25.58,12.62,5.95,49.85,13.5
Rhode Island,2012,,0,5,1.791759469,44,3.82796771,2.523233868,RI,46.188,0,0,39,0.134000003,0,25.58,12.62,5.95,49.85,13.5
Rhode Island,2013,,0,14,2.708050201,44,-3.834024932,5.383845708,RI,46.356,0,0,39,0.134000003,0,25.58,12.62,5.95,49.85,13.5
Rhode Island,2014,,0,3.333333333,1.466337069,44,16.19351502,9.344592254,RI,46.723,1,0,39,0.134000003,0,25.58,12.62,5.95,49.85,13.5
Rhode Island,2015,,0,4,1.609437912,44,18.09761778,13.21767913,RI,47.541,1,0,39,0.134000003,0,25.58,12.62,5.95,49.85,13.5
Rhode Island,2016,,0,0,0,44,13.41711418,17.04794918,RI,47.739,1,0,39,0.134000003,0,25.58,12.62,5.95,49.85,13.5
South Carolina,2005,,0,0,0,45,-27.76926808,-25.17990221,SC,37.397,0,1,40,0.160999998,0,139.55,88.39,6.52,380.75,4.8
South Carolina,2006,,3.333333333,0,-1.466337069,45,-20.78053609,-25.15505121,SC,37.326,0,1,40,0.160999998,0,139.55,88.39,6.52,380.75,4.8
South Carolina,2007,,4,4.333333333,0.064538521,45,-24.24382171,-25.32794892,SC,37.724,0,1,40,0.160999998,0,139.55,88.39,6.52,380.75,4.8
South Carolina,2008,,40.14285714,6.142857142,-1.750937475,45,-28.56735363,-25.72295621,SC,36.834,0,1,40,0.160999998,0,139.55,88.39,6.52,380.75,4.8
South Carolina,2009,,1.5,0,-0.916290732,45,-27.16719097,-26.51466944,SC,34.955,0,1,40,0.160999998,0,139.55,88.39,6.52,380.75,4.8
South Carolina,2010,,10.66666667,3.666666667,-0.916290732,45,-24.50011499,-25.74656202,SC,35.126,0,1,40,0.160999998,0,139.55,88.39,6.52,380.75,4.8
South Carolina,2011,,27.33333334,1,-2.650891787,45,-23.19405234,-25.46074455,SC,35.609,0,1,40,0.160999998,0,139.55,88.39,6.52,380.75,4.8
South Carolina,2012,,4.666666667,5,0.057158414,45,-31.45538706,-26.7515688,SC,35.346,0,1,40,0.160999998,0,139.55,88.39,6.52,380.75,4.8
South Carolina,2013,,5.666666667,4,-0.287682073,45,-21.23874952,-25.50016142,SC,35.701,0,1,40,0.160999998,0,139.55,88.39,6.52,380.75,4.8
South Carolina,2014,,7.333333333,0,-2.120263536,45,-30.63246477,-24.07713665,SC,36.301,0,1,40,0.160999998,0,139.55,88.39,6.52,380.75,4.8
South Carolina,2015,,2.333333333,3,0.182321557,45,-12.7947535,-22.89582626,SC,36.917,0,1,40,0.160999998,0,139.55,88.39,6.52,380.75,4.8
South Carolina,2016,,4,0,-1.609437912,45,-26.15246259,-21.75919214,SC,37.075,0,1,40,0.160999998,0,139.55,88.39,6.52,380.75,4.8
South Dakota,2005,,0,0,0,46,-65.22209344,-58.5538704,SD,42.762,0,1,41,0.068000004,1,83.26,64.79,25.21,278.12,3.2
South Dakota,2006,,5,0,-1.791759469,46,-20.11100299,-34.12981229,SD,42.825,0,1,41,0.068000004,1,83.26,64.79,25.21,278.12,3.2
South Dakota,2007,,0,3,1.386294361,46,-29.31482802,-18.90827811,SD,44.017,0,1,41,0.068000004,1,83.26,64.79,25.21,278.12,3.2
South Dakota,2008,,1,5.142857143,1.122142786,46,4.933036159,-12.86452175,SD,45.516,0,1,41,0.068000004,1,83.26,64.79,25.21,278.12,3.2
South Dakota,2009,,0,4,1.609437912,46,-31.97219498,-16.04704292,SD,45.457,0,1,41,0.068000004,1,83.26,64.79,25.21,278.12,3.2
South Dakota,2010,,6.999999999,1,-1.386294361,46,-14.53628255,-25.76310079,SD,45.605,0,1,41,0.068000004,1,83.26,64.79,25.21,278.12,3.2
South Dakota,2011,,2,2,0,46,-39.09824496,-33.57390707,SD,47.972,0,1,41,0.068000004,1,83.26,64.79,25.21,278.12,3.2
South Dakota,2012,,3.666666667,1,-0.84729786,46,-38.10724797,-36.22869488,SD,46.965,0,1,41,0.068000004,1,83.26,64.79,25.21,278.12,3.2
South Dakota,2013,,0,4.666666667,1.734601055,46,-29.77721345,-31.08193899,SD,46.869,0,1,41,0.068000004,1,83.26,64.79,25.21,278.12,3.2
South Dakota,2014,,0,3,1.386294361,46,-29.29729803,-27.7618199,SD,46.874,0,1,41,0.068000004,1,83.26,64.79,25.21,278.12,3.2
South Dakota,2015,,0,2,1.098612289,46,-7.130389716,-25.50612762,SD,47.894,0,1,41,0.068000004,1,83.26,64.79,25.21,278.12,3.2
South Dakota,2016,,2.5,0,-1.252762968,46,-34.76266633,-24.37252482,SD,47.808,0,1,41,0.068000004,1,83.26,64.79,25.21,278.12,3.2
Tennessee,2005,,2.25,0,-1.178654996,47,-20.08389832,-22.90303952,TN,41.868,0,0,42,0.118000001,0,171.91,81.75,14.73,467.02,5
Tennessee,2006,,2.666666667,2,-0.200670696,47,-27.961087,-20.40113248,TN,42.177,0,0,42,0.118000001,0,171.91,81.75,14.73,467.02,5
Tennessee,2007,,17,3.333333333,-1.424034689,47,-13.86471506,-19.36657794,TN,41.172,0,0,42,0.118000001,0,171.91,81.75,14.73,467.02,5
Tennessee,2008,,5.285714286,6,0.107630664,47,-19.03934837,-19.48972608,TN,40.949,0,0,42,0.118000001,0,171.91,81.75,14.73,467.02,5
Tennessee,2009,,6.5,11.25,0.490622916,47,-19.7337442,-21.45578093,TN,39.096,0,0,42,0.118000001,0,171.91,81.75,14.73,467.02,5
Tennessee,2010,,17.33333333,6.333333333,-0.916290732,47,-28.31192279,-26.4475189,TN,39.37,0,1,42,0.118000001,0,171.91,81.75,14.73,467.02,5
Tennessee,2011,,8,2,-1.098612289,47,-26.8824129,-25.36723037,TN,40.193,0,1,42,0.118000001,0,171.91,81.75,14.73,467.02,5
Tennessee,2012,,5.333333333,4,-0.236388778,47,-24.16657841,-21.96228747,TN,41.091,0,1,42,0.118000001,0,171.91,81.75,14.73,467.02,5
Tennessee,2013,,6,8.333333334,0.287682073,47,-9.894061308,-20.39205644,TN,41.487,0,1,42,0.118000001,0,171.91,81.75,14.73,467.02,5
Tennessee,2014,,4.666666667,4,-0.125163143,47,-30.57092664,-20.74607004,TN,41.875,0,1,42,0.118000001,0,171.91,81.75,14.73,467.02,5
Tennessee,2015,,6.666666666,10.33333333,0.390866309,47,-16.56622558,-23.54142016,TN,42.803,0,1,42,0.118000001,0,171.91,81.75,14.73,467.02,5
Tennessee,2016,,12.5,2,-1.504077397,47,-30.86640788,-28.61796165,TN,43.688,0,1,42,0.118000001,0,171.91,81.75,14.73,467.02,5
Texas,2005,,0,3,1.386294361,48,-24.99429715,-23.09386055,TX,45.966,0,1,43,0.209999993,0,91.41,42.85,12.78,208.36,17
Texas,2006,,NA,NA,NA,48,-18.86470004,-21.22807948,TX,47.595,0,1,43,0.209999993,0,91.41,42.85,12.78,208.36,17
Texas,2007,,10,12.33333333,0.192371893,48,-19.37950958,-20.79942078,TX,48.954,0,1,43,0.209999993,0,91.41,42.85,12.78,208.36,17
Texas,2008,,NA,NA,NA,48,-19.9996491,-21.66659204,TX,48.282,0,1,43,0.209999993,0,91.41,42.85,12.78,208.36,17
Texas,2009,,8.75,62.25,1.869827843,48,-25.53805947,-24.41228221,TX,47.034,0,1,43,0.209999993,0,91.41,42.85,12.78,208.36,17
Texas,2010,,NA,NA,NA,48,-26.18751328,-25.39483538,TX,47.417,0,1,43,0.209999993,0,91.41,42.85,12.78,208.36,17
Texas,2011,,20.33333333,33.66666667,0.485507816,48,-25.97521866,-24.87455251,TX,48.354,0,1,43,0.209999993,0,91.41,42.85,12.78,208.36,17
Texas,2012,,NA,NA,NA,48,-20.60253721,-26.05156506,TX,50.266,0,1,43,0.209999993,0,91.41,42.85,12.78,208.36,17
Texas,2013,,7.333333333,99,2.48490665,48,-30.67110308,-25.69590994,TX,52.018,0,1,43,0.209999993,0,91.41,42.85,12.78,208.36,17
Texas,2014,,NA,NA,NA,48,-28.11610655,-24.409741,TX,52.875,0,1,43,0.209999993,0,91.41,42.85,12.78,208.36,17
Texas,2015,,27.33333333,8.666666667,-1.075355426,48,-15.4507019,-22.62856394,TX,54.134,0,1,43,0.209999993,0,91.41,42.85,12.78,208.36,17
Texas,2016,,NA,NA,NA,48,-22.77144445,-20.00222082,TX,53.129,0,1,43,0.209999993,0,91.41,42.85,12.78,208.36,17
Utah,2005,,6.25,3.25,-0.534082486,49,-22.6448518,-19.73902891,UT,41.657,0,1,44,0.071999997,0,177.91,40.32,9.8,328.21,8.2
Utah,2006,,0,0,0,49,-20.55922518,-23.19944657,UT,44.004,0,1,44,0.071999997,0,177.91,40.32,9.8,328.21,8.2
Utah,2007,,3,8,0.810930216,49,-19.85704998,-26.465745,UT,45.293,0,1,44,0.071999997,0,177.91,40.32,9.8,328.21,8.2
Utah,2008,,41,5.714285715,-1.833432166,49,-34.38280178,-29.34095088,UT,43.375,0,1,44,0.071999997,0,177.91,40.32,9.8,328.21,8.2
Utah,2009,,8,6.5,-0.182321557,49,-33.73706327,-32.77059939,UT,41.563,0,1,44,0.071999997,0,177.91,40.32,9.8,328.21,8.2
Utah,2010,,21.33333333,27,0.226124179,49,-30.56012535,-31.59073617,UT,41.5,0,1,44,0.071999997,0,177.91,40.32,9.8,328.21,8.2
Utah,2011,,29.33333333,28.66666667,-0.022223137,49,-28.250966,-30.1641834,UT,41.992,0,1,44,0.071999997,0,177.91,40.32,9.8,328.21,8.2
Utah,2012,,4,17.33333333,1.299282984,49,-31.63128729,-31.59666476,UT,41.929,0,1,44,0.071999997,0,177.91,40.32,9.8,328.21,8.2
Utah,2013,,9.666666666,15,0.405465108,49,-32.96880318,-29.0397816,UT,42.267,0,1,44,0.071999997,0,177.91,40.32,9.8,328.21,8.2
Utah,2014,,16,7.666666667,-0.673729095,49,-28.81414634,-27.73876597,UT,43.145,0,1,44,0.071999997,0,177.91,40.32,9.8,328.21,8.2
Utah,2015,,7.999999999,22,0.938269639,49,-15.84643188,-27.45339394,UT,44.174,0,1,44,0.071999997,0,177.91,40.32,9.8,328.21,8.2
Utah,2016,,0,12,2.564949357,49,-34.11958095,-28.01438621,UT,44.893,0,1,44,0.071999997,0,177.91,40.32,9.8,328.21,8.2
Vermont,2005,,0,0,0,50,100,79.47056477,VT,41.588,0,0,45,0.109999999,0,33.6,18.56,2.49,62.35,4.5
Vermont,2006,,0,2.333333333,1.203972804,50,4.247269595,38.16487348,VT,41.754,0,0,45,0.109999999,0,33.6,18.56,2.49,62.35,4.5
Vermont,2007,,2.666666667,4,0.310154928,50,4.832597871,11.90867137,VT,41.472,0,0,45,0.109999999,0,33.6,18.56,2.49,62.35,4.5
Vermont,2008,,0,0,0,50,15.44520709,0.682104048,VT,41.764,0,0,45,0.109999999,0,33.6,18.56,2.49,62.35,4.5
Vermont,2009,,0,1,0.693147181,50,-6.320614337,7.558054858,VT,40.855,0,0,45,0.109999999,0,33.6,18.56,2.49,62.35,4.5
Vermont,2010,,0,1.333333333,0.84729786,50,17.74120618,9.267565344,VT,42.17,1,0,45,0.109999999,0,33.6,18.56,2.49,62.35,4.5
Vermont,2011,,6.333333334,6.333333333,-1.36E-10,50,11.41940527,12.93406226,VT,43.124,1,0,45,0.109999999,0,33.6,18.56,2.49,62.35,4.5
Vermont,2012,,2,8.666666667,1.170071253,50,11.75040094,13.00524081,VT,43.042,1,0,45,0.109999999,0,33.6,18.56,2.49,62.35,4.5
Vermont,2013,,2.333333333,7,0.875468737,50,9.775712341,5.692508971,VT,42.914,1,0,45,0.109999999,0,33.6,18.56,2.49,62.35,4.5
Vermont,2014,,0,0,0,50,-2.646931408,1.796005572,VT,43.12,1,0,45,0.109999999,0,33.6,18.56,2.49,62.35,4.5
Vermont,2015,,0,0,0,50,-11.41900226,-0.216267056,VT,43.571,1,0,45,0.109999999,0,33.6,18.56,2.49,62.35,4.5
Vermont,2016,,0,5.5,1.871802177,50,7.146601214,-0.230819528,VT,43.984,1,0,45,0.109999999,0,33.6,18.56,2.49,62.35,4.5
Virginia,2005,,3,3.25,0.060624622,51,-5.306543497,-6.588131763,VA,52.305,0,0,46,0.137999997,0,84.22,59.76,11.81,229.05,12.2
Virginia,2006,,10.66666667,2,-1.358123484,51,-13.63135707,-7.325654402,VA,52.866,0,0,46,0.137999997,0,84.22,59.76,11.81,229.05,12.2
Virginia,2007,,5.666666667,9.999999999,0.500775288,51,-3.05894389,-9.549077479,VA,52.657,0,0,46,0.137999997,0,84.22,59.76,11.81,229.05,12.2
Virginia,2008,,19.28571429,7.428571429,-0.878289614,51,-5.225211232,-12.66245434,VA,51.985,0,0,46,0.137999997,0,84.22,59.76,11.81,229.05,12.2
Virginia,2009,,11.75,12.5,0.057158414,51,-23.89956414,-17.95364748,VA,51.389,0,0,46,0.137999997,0,84.22,59.76,11.81,229.05,12.2
Virginia,2010,,10.66666667,21.66666667,0.664159644,51,-23.07286235,-22.22353041,VA,51.946,0,0,46,0.137999997,0,84.22,59.76,11.81,229.05,12.2
Virginia,2011,,26,32.66666667,0.220671362,51,-20.01353629,-18.76729589,VA,51.754,0,0,46,0.137999997,0,84.22,59.76,11.81,229.05,12.2
Virginia,2012,,5,10.66666667,0.664976304,51,-10.70480442,-16.09405267,VA,51.546,0,0,46,0.137999997,0,84.22,59.76,11.81,229.05,12.2
Virginia,2013,,12,17.66666667,0.361790045,51,-16.92104283,-16.63983785,VA,51.106,0,0,46,0.137999997,0,84.22,59.76,11.81,229.05,12.2
Virginia,2014,,4.666666667,16.66666667,1.13707857,51,-24.49086859,-16.09228501,VA,50.879,0,0,46,0.137999997,0,84.22,59.76,11.81,229.05,12.2
Virginia,2015,,8,22.66666667,0.966843011,51,-11.29511286,-15.57618113,VA,51.667,0,0,46,0.137999997,0,84.22,59.76,11.81,229.05,12.2
Virginia,2016,,7,5,-0.287682072,51,-14.842867,-14.6390278,VA,51.643,0,0,46,0.137999997,0,84.22,59.76,11.81,229.05,12.2
Washington,2005,,0,4.25,1.658228077,53,-12.84707965,-11.56270115,WA,51.956,1,0,47,0.211999997,0,92.56,44.23,10.59,207.17,13.7
Washington,2006,,3,2,-0.287682072,53,-1.966444181,-5.305549826,WA,52.9,1,0,47,0.211999997,0,92.56,44.23,10.59,207.17,13.7
Washington,2007,,1.333333333,6,1.098612289,53,-5.600414673,-1.756017547,WA,55.348,1,0,47,0.211999997,0,92.56,44.23,10.59,207.17,13.7
Washington,2008,,0,11.14285714,2.496741107,53,3.359864959,-0.958781838,WA,54.939,1,0,47,0.211999997,0,92.56,44.23,10.59,207.17,13.7
Washington,2009,,4.25,15,1.114360646,53,-0.804179626,-2.941130649,WA,52.264,1,0,47,0.211999997,0,92.56,44.23,10.59,207.17,13.7
Washington,2010,,2.333333333,27,2.128231706,53,-9.954601762,-6.792702622,WA,52.679,1,0,47,0.211999997,0,92.56,44.23,10.59,207.17,13.7
Washington,2011,,9.666666667,18.33333333,0.594707108,53,-10.6220937,-8.190466513,WA,52.5,1,0,47,0.211999997,0,92.56,44.23,10.59,207.17,13.7
Washington,2012,,0,2,1.098612289,53,-3.162387707,-6.741109409,WA,53.439,1,0,47,0.211999997,0,92.56,44.23,10.59,207.17,13.7
Washington,2013,,0,4,1.609437912,53,-4.865051098,-6.706686914,WA,54.161,1,0,47,0.211999997,0,92.56,44.23,10.59,207.17,13.7
Washington,2014,,2.333333333,7.333333333,0.916290732,53,-8.970990639,-5.10861976,WA,55.197,1,0,47,0.211999997,0,92.56,44.23,10.59,207.17,13.7
Washington,2015,,0,14,2.708050201,53,-4.179791071,-2.455811326,WA,56.407,0,0,47,0.211999997,0,92.56,44.23,10.59,207.17,13.7
Washington,2016,,0,4.5,1.704748092,53,3.269594433,1.399415195,WA,57.727,0,0,47,0.211999997,0,92.56,44.23,10.59,207.17,13.7
West Virginia,2005,,0,0,0,54,-16.7375873,-18.25303151,WV,33.628,1,0,48,0.120999999,0,22.22,16.1,31.14,86.08,1.6
West Virginia,2006,,0,0,0,54,-17.45081795,-18.41214913,WV,34.009,1,0,48,0.120999999,0,22.22,16.1,31.14,86.08,1.6
West Virginia,2007,,4,2.333333333,-0.405465108,54,-23.82449021,-17.66723914,WV,33.892,1,0,48,0.120999999,0,22.22,16.1,31.14,86.08,1.6
West Virginia,2008,,2.285714286,0,-1.189584067,54,-22.71936033,-16.49878224,WV,34.679,1,0,48,0.120999999,0,22.22,16.1,31.14,86.08,1.6
West Virginia,2009,,4.5,3,-0.318453731,54,0.206050735,-13.55045613,WV,34.564,1,0,48,0.120999999,0,22.22,16.1,31.14,86.08,1.6
West Virginia,2010,,6.333333333,3.333333333,-0.526093096,54,-26.07510682,-12.92986775,WV,35.368,1,0,48,0.120999999,0,22.22,16.1,31.14,86.08,1.6
West Virginia,2011,,5,0,-1.791759469,54,-9.216896944,-21.01468235,WV,36.084,1,0,48,0.120999999,0,22.22,16.1,31.14,86.08,1.6
West Virginia,2012,,5,1,-1.098612289,54,-34.64434065,-28.501894,WV,35.509,1,0,48,0.120999999,0,22.22,16.1,31.14,86.08,1.6
West Virginia,2013,,0,3,1.386294361,54,-33.90772301,-29.79585033,WV,35.755,1,0,48,0.120999999,0,22.22,16.1,31.14,86.08,1.6
West Virginia,2014,,2.333333333,0,-1.203972804,54,-28.2761206,-31.33895901,WV,36.059,1,0,48,0.120999999,0,22.22,16.1,31.14,86.08,1.6
West Virginia,2015,,2.333333333,2,-0.105360516,54,-24.4447369,-32.36302805,WV,36.461,0,0,48,0.120999999,0,22.22,16.1,31.14,86.08,1.6
West Virginia,2016,,0,0,0,54,-37.83656014,-32.84665985,WV,36.244,0,0,48,0.120999999,0,22.22,16.1,31.14,86.08,1.6
Wisconsin,2005,,0,0,0,55,13.60733238,8.05075864,WI,45.131,0,0,49,0.241999999,0,65.41,31.57,9.44,138.17,4.8
Wisconsin,2006,,0,0,0,55,-12.69056262,-1.101604982,WI,45.515,0,0,49,0.241999999,0,65.41,31.57,9.44,138.17,4.8
Wisconsin,2007,,0,0,0,55,-4.218715131,-7.926149618,WI,45.464,0,0,49,0.241999999,0,65.41,31.57,9.44,138.17,4.8
Wisconsin,2008,,0,4.571428571,1.717651497,55,-9.795040979,-12.18759489,WI,44.622,1,0,49,0.241999999,0,65.41,31.57,9.44,138.17,4.8
Wisconsin,2009,,0,9.75,2.374905755,55,-17.97749349,-13.8904633,WI,43.215,1,0,49,0.241999999,0,65.41,31.57,9.44,138.17,4.8
Wisconsin,2010,,5.333333333,1,-1.15267951,55,-13.70902543,-17.73997397,WI,44.126,0,1,49,0.241999999,0,65.41,31.57,9.44,138.17,4.8
Wisconsin,2011,,0,0,0,55,-20.94768743,-17.80102102,WI,44.906,0,1,49,0.241999999,0,65.41,31.57,9.44,138.17,4.8
Wisconsin,2012,,0,4,1.609437912,55,-18.02029842,-17.6936921,WI,45.382,0,1,49,0.241999999,0,65.41,31.57,9.44,138.17,4.8
Wisconsin,2013,,0,2,1.098612289,55,-14.53693739,-19.55228011,WI,45.845,0,1,49,0.241999999,0,65.41,31.57,9.44,138.17,4.8
Wisconsin,2014,,0,0,0,55,-24.04106526,-20.01774772,WI,46.423,0,1,49,0.241999999,0,65.41,31.57,9.44,138.17,4.8
Wisconsin,2015,,0,2.666666667,1.299282984,55,-22.37957614,-19.70168628,WI,47.325,0,1,49,0.241999999,0,65.41,31.57,9.44,138.17,4.8
Wisconsin,2016,,0,0,0,55,-16.34681313,-18.56522963,WI,47.833,0,1,49,0.241999999,0,65.41,31.57,9.44,138.17,4.8
Wyoming,2005,,0,2.75,1.32175584,56,NA,-34.10592281,WY,57.642,0,0,50,0.061000001,0,33.31,41.39,38.86,161.74,3.8
Wyoming,2006,,3,2.333333333,-0.182321557,56,-28.93118363,-25.85042802,WY,63.428,0,0,50,0.061000001,0,33.31,41.39,38.86,161.74,3.8
Wyoming,2007,,3,0,-1.386294361,56,-7.790498133,-20.09017756,WY,65.471,0,0,50,0.061000001,0,33.31,41.39,38.86,161.74,3.8
Wyoming,2008,,0,0,0,56,-35.81768063,-16.8513342,WY,69.182,0,0,50,0.061000001,0,33.31,41.39,38.86,161.74,3.8
Wyoming,2009,,3.5,0,-1.504077397,56,-4.891555571,-17.33947003,WY,66.32,0,0,50,0.061000001,0,33.31,41.39,38.86,161.74,3.8
Wyoming,2010,,0,2.333333333,1.203972804,56,-20.86508316,-20.32983318,WY,64.603,0,1,50,0.061000001,0,33.31,41.39,38.86,161.74,3.8
Wyoming,2011,,0,0,0,56,-27.07480049,-24.10974399,WY,63.985,0,1,50,0.061000001,0,33.31,41.39,38.86,161.74,3.8
Wyoming,2012,,0,0,0,56,-35.60614391,-32.04812562,WY,60.777,0,1,50,0.061000001,0,33.31,41.39,38.86,161.74,3.8
Wyoming,2013,,0,0,0,56,-21.26057455,-34.7435574,WY,60.77,0,1,50,0.061000001,0,33.31,41.39,38.86,161.74,3.8
Wyoming,2014,,0,3,1.386294361,56,-53.63679863,-32.59383692,WY,60.9,0,1,50,0.061000001,0,33.31,41.39,38.86,161.74,3.8
Wyoming,2015,,0,2,1.098612289,56,-11.92357802,-29.78089518,WY,60.979,0,1,50,0.061000001,0,33.31,41.39,38.86,161.74,3.8
Wyoming,2016,,0,0,0,56,-30.43405936,-24.79567755,WY,60.004,0,1,50,0.061000001,0,33.31,41.39,38.86,161.74,3.8
